CustomerID,Recency,Frequency,Monetary,CustomerSegment
12747,109,5,191.85,Loyal Customers
12748,70,96,1054.43,Best Customers
12749,130,3,67.0,Lost Customers
12820,74,1,15.0,Almost Lost
12821,214,1,19.92,Lost Customers
12822,70,2,30.799999999999997,Almost Lost
12823,74,3,1224.0,Other
12826,71,2,37.3,Almost Lost
12828,99,3,74.1,Lost Customers
12830,91,5,1556.64,Loyal Customers
12831,262,1,34.199999999999996,Lost Customers
12832,98,1,17.0,Lost Customers
12833,145,1,15.0,Lost Customers
12834,282,1,15.9,Lost Customers
12836,137,2,18.6,Lost Customers
12837,173,1,17.0,Lost Customers
12839,71,7,77.9,Other
12840,143,4,138.6,Loyal Customers
12841,89,10,193.17000000000002,Loyal Customers
12842,70,1,15.0,Almost Lost
12843,159,7,113.25,Loyal Customers
12844,130,1,4.95,Lost Customers
12845,267,3,283.54999999999995,Big Spenders
12849,268,1,34.8,Lost Customers
12851,96,1,4.16,Lost Customers
12853,134,5,187.20000000000002,Loyal Customers
12854,78,2,151.7,Other
12857,210,1,35.7,Lost Customers
12864,138,1,17.4,Lost Customers
12867,96,4,32.35,Other
12868,185,3,69.2,Lost Customers
12871,84,2,178.2,Other
12873,282,1,68.0,Lost Customers
12875,143,1,49.470000000000006,Lost Customers
12877,78,7,170.14000000000001,Best Customers
12878,236,2,45.0,Lost Customers
12879,81,2,183.6,Other
12881,275,1,195.0,Big Spenders
12883,89,1,17.85,Lost Customers
12884,88,1,170.0,Big Spenders
12885,123,1,19.8,Lost Customers
12886,219,1,17.0,Lost Customers
12888,214,2,106.56,Big Spenders
12891,185,2,289.0,Big Spenders
12895,86,1,19.8,Lost Customers
12897,204,1,58.0,Lost Customers
12901,81,20,5915.66,Best Customers
12902,264,1,17.700000000000003,Lost Customers
12904,172,1,9.95,Lost Customers
12906,78,2,79.19999999999999,Almost Lost
12908,176,1,432.0,Big Spenders
12909,87,4,107.16,Loyal Customers
12910,78,5,245.46,Best Customers
12913,282,1,15.299999999999999,Lost Customers
12915,148,1,23.4,Lost Customers
12916,138,3,171.5,Big Spenders
12917,128,1,297.0,Big Spenders
12919,116,3,167.8,Big Spenders
12921,84,20,542.1,Best Customers
12922,161,1,13.2,Lost Customers
12924,88,3,162.67000000000002,Big Spenders
12925,74,1,10.2,Almost Lost
12928,147,2,66.8,Lost Customers
12930,78,2,25.2,Almost Lost
12931,101,8,1607.6200000000001,Loyal Customers
12933,171,2,57.45,Lost Customers
12935,109,3,46.95,Lost Customers
12936,78,1,34.68,Almost Lost
12937,71,3,37.1,Almost Lost
12939,79,4,916.64,Best Customers
12940,87,1,17.0,Lost Customers
12942,131,2,25.35,Lost Customers
12947,143,4,99.1,Loyal Customers
12948,105,4,131.3,Loyal Customers
12949,114,7,98.96000000000001,Loyal Customers
12951,173,3,62.040000000000006,Lost Customers
12952,78,1,14.850000000000001,Almost Lost
12955,92,6,135.83999999999997,Loyal Customers
12957,71,5,75.36,Other
12962,113,1,19.8,Lost Customers
12963,84,1,15.0,Almost Lost
12965,89,1,8.25,Lost Customers
12968,112,1,15.0,Lost Customers
12971,73,50,2395.5,Best Customers
12974,197,1,15.9,Lost Customers
12976,211,1,19.8,Lost Customers
12977,156,1,8.5,Lost Customers
12980,157,5,2041.92,Loyal Customers
12981,133,1,34.68,Lost Customers
12982,242,1,10.4,Lost Customers
12987,73,2,37.2,Almost Lost
12989,88,6,1121.4,Loyal Customers
12990,185,1,41.6,Lost Customers
12991,112,1,42.5,Lost Customers
12993,120,2,36.25,Lost Customers
12994,120,2,35.7,Lost Customers
12995,85,1,38.160000000000004,Almost Lost
12997,88,2,61.6,Lost Customers
12999,196,3,107.03999999999999,Big Spenders
13000,106,2,91.17000000000002,Lost Customers
13001,158,7,717.1200000000001,Loyal Customers
13003,105,3,98.5,Big Spenders
13004,77,8,114.96,Best Customers
13005,173,2,37.3,Lost Customers
13012,78,4,95.79,Best Customers
13013,92,7,147.70000000000002,Loyal Customers
13014,74,6,217.29999999999998,Best Customers
13015,197,4,98.7,Loyal Customers
13016,73,3,64.56,Almost Lost
13018,72,19,378.78,Best Customers
13021,70,5,121.60000000000001,Best Customers
13023,129,1,15.9,Lost Customers
13026,92,3,194.15999999999997,Big Spenders
13027,113,5,1344.0,Loyal Customers
13029,138,1,299.4,Big Spenders
13032,87,1,2.5,Lost Customers
13035,73,2,117.0,Other
13037,138,3,38.400000000000006,Lost Customers
13038,80,2,117.0,Other
13043,273,1,59.8,Lost Customers
13045,99,1,17.4,Lost Customers
13046,266,1,14.75,Lost Customers
13047,127,4,74.15,Other
13048,113,2,32.1,Lost Customers
13050,106,6,94.35,Loyal Customers
13052,212,1,23.85,Lost Customers
13055,78,3,43.08,Almost Lost
13058,151,1,16.35,Lost Customers
13059,249,1,17.700000000000003,Lost Customers
13060,253,1,35.400000000000006,Lost Customers
13061,72,1,9.959999999999999,Almost Lost
13062,191,1,60.48,Lost Customers
13064,88,2,45.8,Lost Customers
13067,82,1,7.95,Almost Lost
13069,99,14,201.63,Loyal Customers
13070,192,1,20.8,Lost Customers
13072,266,1,15.0,Lost Customers
13075,129,1,47.2,Lost Customers
13078,82,12,748.54,Best Customers
13079,75,3,154.7,Other
13080,179,1,3.3600000000000003,Lost Customers
13081,143,3,44.46000000000001,Lost Customers
13082,126,8,154.2,Loyal Customers
13083,75,1,17.0,Almost Lost
13085,157,1,17.0,Lost Customers
13089,70,54,2427.14,Best Customers
13090,136,4,237.4,Loyal Customers
13092,70,4,57.25,Other
13093,275,1,40.8,Lost Customers
13094,80,7,505.74,Best Customers
13095,70,1,9.36,Almost Lost
13097,77,6,197.01,Best Customers
13098,87,17,946.6,Loyal Customers
13099,99,1,207.35999999999999,Big Spenders
13101,234,1,9.95,Lost Customers
13102,81,13,243.88,Best Customers
13104,85,3,232.92,Other
13106,133,1,76.5,Lost Customers
13107,85,2,94.56,Other
13109,157,1,10.5,Lost Customers
13110,137,4,54.04,Other
13113,113,15,2256.15,Loyal Customers
13115,184,1,7.800000000000001,Lost Customers
13116,138,1,25.5,Lost Customers
13117,121,4,57.7,Other
13118,208,2,91.3,Lost Customers
13120,238,1,30.599999999999998,Lost Customers
13121,269,1,7.6499999999999995,Lost Customers
13122,94,2,48.56999999999999,Lost Customers
13124,89,2,18.6,Lost Customers
13126,72,3,53.099999999999994,Almost Lost
13127,77,1,34.68,Almost Lost
13130,94,1,39.0,Lost Customers
13131,71,2,36.4,Almost Lost
13132,261,1,15.299999999999999,Lost Customers
13133,273,1,9.95,Lost Customers
13134,85,4,125.03999999999999,Best Customers
13135,196,1,3096.0,Big Spenders
13136,87,4,91.9,Other
13137,92,4,12.57,Other
13138,80,3,41.120000000000005,Almost Lost
13139,72,4,167.02,Best Customers
13140,108,2,33.9,Lost Customers
13141,84,3,52.400000000000006,Almost Lost
13145,91,2,163.8,Big Spenders
13147,99,1,118.80000000000001,Big Spenders
13148,133,6,97.6,Loyal Customers
13149,106,2,25.14,Lost Customers
13155,79,1,10.5,Almost Lost
13157,141,2,29.0,Lost Customers
13158,94,3,65.1,Lost Customers
13159,106,2,23.25,Lost Customers
13162,122,3,27.03,Lost Customers
13166,283,1,2.5,Lost Customers
13167,130,2,59.66,Lost Customers
13168,199,1,12.75,Lost Customers
13169,252,1,15.600000000000001,Lost Customers
13178,73,7,187.2,Best Customers
13183,86,6,85.7,Other
13184,130,8,56.4,Other
13185,267,1,71.4,Lost Customers
13186,93,2,44.879999999999995,Lost Customers
13189,115,1,4.0,Lost Customers
13192,95,2,41.1,Lost Customers
13194,135,1,34.0,Lost Customers
13196,84,2,50.25000000000001,Almost Lost
13198,120,3,61.5,Lost Customers
13199,92,14,1238.8,Loyal Customers
13200,74,2,35.400000000000006,Almost Lost
13203,120,2,32.4,Lost Customers
13207,150,1,35.400000000000006,Lost Customers
13208,155,3,45.55,Lost Customers
13209,128,3,79.5,Lost Customers
13210,93,1,25.5,Lost Customers
13211,95,1,10.5,Lost Customers
13213,128,4,127.30000000000001,Loyal Customers
13216,267,1,69.12,Lost Customers
13217,122,3,294.94,Big Spenders
13218,127,1,15.0,Lost Customers
13220,78,4,344.1,Best Customers
13221,240,1,8.5,Lost Customers
13223,200,2,115.80000000000001,Big Spenders
13224,151,1,8.82,Lost Customers
13225,143,3,702.0,Big Spenders
13226,273,1,9.95,Lost Customers
13227,201,1,67.5,Lost Customers
13228,81,1,179.0,Other
13229,225,1,15.0,Lost Customers
13230,138,8,39.73,Other
13232,98,5,41.75,Other
13233,74,1,14.040000000000001,Almost Lost
13235,212,1,19.799999999999997,Lost Customers
13236,106,1,31.9,Lost Customers
13238,163,1,15.0,Lost Customers
13239,261,1,18.96,Lost Customers
13240,96,3,31.6,Lost Customers
13242,112,3,62.400000000000006,Lost Customers
13243,203,1,5.1,Lost Customers
13244,92,1,4.95,Lost Customers
13246,176,2,19.0,Lost Customers
13247,82,1,29.700000000000003,Almost Lost
13248,124,2,33.36,Lost Customers
13249,92,3,302.03999999999996,Big Spenders
13253,156,1,27.36,Lost Customers
13258,205,1,5.95,Lost Customers
13261,268,1,99.0,Big Spenders
13262,263,1,6.959999999999999,Lost Customers
13263,70,24,137.43,Best Customers
13265,88,4,136.48,Loyal Customers
13266,75,9,227.48,Best Customers
13267,92,12,195.96,Loyal Customers
13268,84,7,39.72,Other
13269,88,7,162.95,Loyal Customers
13272,89,1,18.96,Lost Customers
13273,113,1,24.900000000000002,Lost Customers
13276,99,1,41.6,Lost Customers
13277,116,2,74.5,Lost Customers
13279,78,1,9.36,Almost Lost
13280,122,1,16.5,Lost Customers
13282,162,2,121.50000000000001,Big Spenders
13283,185,1,8.5,Lost Customers
13285,161,2,36.45,Lost Customers
13291,155,1,12.450000000000001,Lost Customers
13294,189,2,42.0,Lost Customers
13296,137,1,15.0,Lost Customers
13299,268,1,29.700000000000003,Lost Customers
13300,169,1,23.0,Lost Customers
13301,103,3,34.92,Lost Customers
13302,155,1,63.75,Lost Customers
13305,92,6,123.39,Loyal Customers
13307,120,1,15.0,Lost Customers
13308,203,1,15.0,Lost Customers
13309,88,2,25.84,Lost Customers
13310,206,1,10.2,Lost Customers
13311,150,1,5.04,Lost Customers
13313,141,2,22.439999999999998,Lost Customers
13314,73,1,19.8,Almost Lost
13316,79,3,408.72,Other
13317,198,3,90.4,Lost Customers
13319,91,12,312.7,Loyal Customers
13320,78,4,47.3,Other
13321,72,2,259.04,Other
13323,84,1,29.700000000000003,Almost Lost
13324,89,7,541.8,Loyal Customers
13325,81,1,16.5,Almost Lost
13327,112,4,227.8,Loyal Customers
13330,92,2,42.36,Lost Customers
13334,82,2,37.3,Almost Lost
13336,77,1,15.299999999999999,Almost Lost
13338,157,1,10.2,Lost Customers
13339,200,1,17.4,Lost Customers
13340,105,5,639.08,Loyal Customers
13341,260,1,87.6,Lost Customers
13343,177,1,19.8,Lost Customers
13344,277,1,59.8,Lost Customers
13347,70,1,39.599999999999994,Almost Lost
13350,79,1,15.9,Almost Lost
13354,71,1,10.5,Almost Lost
13355,122,1,17.700000000000003,Lost Customers
13356,80,1,17.4,Almost Lost
13357,257,1,9.9,Lost Customers
13358,268,1,17.9,Lost Customers
13362,245,1,19.5,Lost Customers
13364,71,1,24.96,Almost Lost
13365,217,1,51.0,Lost Customers
13368,256,1,10.08,Lost Customers
13372,89,1,9.95,Lost Customers
13373,158,2,30.9,Lost Customers
13375,88,1,16.5,Lost Customers
13376,99,3,65.69999999999999,Lost Customers
13379,136,1,5.04,Lost Customers
13381,89,4,99.67999999999999,Loyal Customers
13382,280,1,15.0,Lost Customers
13384,73,5,100.4,Best Customers
13388,131,2,26.1,Lost Customers
13389,74,2,20.159999999999997,Almost Lost
13390,74,1,15.0,Almost Lost
13391,203,1,59.8,Lost Customers
13394,78,5,76.77000000000001,Other
13395,185,1,1.92,Lost Customers
13397,72,3,262.6,Other
13398,192,1,9.959999999999999,Lost Customers
13402,127,1,17.0,Lost Customers
13404,212,1,15.0,Lost Customers
13405,74,2,40.5,Almost Lost
13408,75,37,2913.74,Best Customers
13410,74,3,103.4,Other
13411,107,1,18.75,Lost Customers
13414,133,2,64.65,Lost Customers
13416,81,1,29.700000000000003,Almost Lost
13417,205,1,23.8,Lost Customers
13418,84,11,155.25,Best Customers
13420,149,2,34.2,Lost Customers
13425,108,2,31.5,Lost Customers
13426,89,4,131.6,Loyal Customers
13427,120,2,25.5,Lost Customers
13429,75,1,25.200000000000003,Almost Lost
13430,86,1,4.5600000000000005,Lost Customers
13431,88,1,30.0,Lost Customers
13434,74,2,187.08,Other
13435,75,4,177.69,Best Customers
13437,99,4,62.22,Other
13439,255,1,6.5,Lost Customers
13441,91,1,12.600000000000001,Lost Customers
13448,80,2,13.05,Almost Lost
13450,89,5,100.56,Loyal Customers
13451,126,3,16.35,Lost Customers
13452,259,2,590.0,Big Spenders
13453,165,1,19.9,Lost Customers
13456,155,3,245.70000000000005,Big Spenders
13458,99,6,129.56,Loyal Customers
13461,138,2,113.6,Big Spenders
13462,252,1,19.8,Lost Customers
13466,184,1,17.700000000000003,Lost Customers
13468,74,21,543.11,Best Customers
13470,99,2,33.0,Lost Customers
13474,236,1,1.7,Lost Customers
13475,191,3,63.18000000000001,Lost Customers
13476,178,2,38.7,Lost Customers
13477,138,3,41.66,Lost Customers
13479,200,2,50.4,Lost Customers
13481,108,4,67.15,Other
13482,232,1,17.4,Lost Customers
13484,241,1,67.5,Lost Customers
13485,233,1,12.5,Lost Customers
13486,78,3,40.620000000000005,Almost Lost
13487,213,1,15.9,Lost Customers
13488,72,8,144.14,Best Customers
13489,105,2,85.8,Lost Customers
13491,147,4,38.91,Other
13495,232,1,20.4,Lost Customers
13497,282,1,24.75,Lost Customers
13499,73,3,112.5,Other
13500,122,1,15.0,Lost Customers
13502,274,1,9.36,Lost Customers
13503,71,1,10.5,Almost Lost
13507,98,3,69.1,Lost Customers
13508,243,1,15.9,Lost Customers
13509,99,4,172.6,Loyal Customers
13510,95,2,13.54,Lost Customers
13512,260,1,17.85,Lost Customers
13513,126,1,9.899999999999999,Lost Customers
13514,73,1,39.900000000000006,Almost Lost
13515,72,4,80.34,Other
13516,72,2,50.34,Almost Lost
13517,106,2,34.8,Lost Customers
13518,85,1,19.799999999999997,Almost Lost
13519,78,1,11.9,Almost Lost
13523,199,2,39.4,Lost Customers
13524,81,4,135.60000000000002,Best Customers
13525,248,1,232.0,Big Spenders
13527,89,5,93.61,Loyal Customers
13529,78,2,33.2,Almost Lost
13531,205,1,41.6,Lost Customers
13533,182,3,11.75,Lost Customers
13534,107,13,233.93,Loyal Customers
13536,75,1,10.4,Almost Lost
13538,94,5,228.3,Loyal Customers
13539,85,2,36.7,Almost Lost
13544,240,1,5.75,Lost Customers
13546,200,1,25.5,Lost Customers
13548,96,2,11.049999999999999,Lost Customers
13549,142,5,100.6,Loyal Customers
13552,86,10,236.97,Loyal Customers
13555,73,4,166.9,Best Customers
13557,280,1,30.0,Lost Customers
13561,215,1,2.08,Lost Customers
13562,81,3,53.650000000000006,Almost Lost
13563,84,2,94.35,Other
13564,144,1,550.64,Big Spenders
13566,82,1,1.25,Almost Lost
13568,173,1,8.3,Lost Customers
13570,243,1,3.9,Lost Customers
13571,92,7,58.45,Other
13572,205,1,17.700000000000003,Lost Customers
13573,253,1,0.42,Lost Customers
13575,70,3,77.9,Almost Lost
13576,71,10,1218.8,Best Customers
13577,92,3,53.4,Lost Customers
13583,155,1,9.0,Lost Customers
13588,86,5,55.67999999999999,Other
13589,179,1,14.95,Lost Customers
13590,150,3,151.06,Big Spenders
13591,204,2,39.42,Lost Customers
13592,205,3,64.22,Lost Customers
13593,108,4,50.900000000000006,Other
13599,84,7,149.12,Best Customers
13601,211,1,16.5,Lost Customers
13606,243,1,14.95,Lost Customers
13610,110,4,22.39,Other
13611,89,2,34.8,Lost Customers
13614,89,2,27.69,Lost Customers
13617,113,2,17.75,Lost Customers
13618,173,1,6.959999999999999,Lost Customers
13621,116,1,4.0,Lost Customers
13623,210,3,44.2,Lost Customers
13626,252,1,17.4,Lost Customers
13627,79,3,57.72,Almost Lost
13629,99,6,912.85,Loyal Customers
13630,75,5,357.4,Best Customers
13631,99,11,3070.42,Loyal Customers
13632,173,3,43.77000000000001,Lost Customers
13634,86,3,23.0,Lost Customers
13636,122,3,68.65,Lost Customers
13637,187,2,2.55,Lost Customers
13639,74,1,23.4,Almost Lost
13642,215,1,4.25,Lost Customers
13643,98,2,29.3,Lost Customers
13644,73,2,30.6,Almost Lost
13645,120,1,19.9,Lost Customers
13647,71,3,64.34,Almost Lost
13649,256,1,15.299999999999999,Lost Customers
13650,88,3,46.5,Lost Customers
13652,256,1,27.04,Lost Customers
13654,145,4,114.3,Loyal Customers
13655,114,2,45.8,Lost Customers
13656,164,1,8.5,Lost Customers
13657,201,1,12.600000000000001,Lost Customers
13658,85,3,95.08,Other
13659,205,1,35.95,Lost Customers
13662,85,3,67.8,Almost Lost
13663,179,1,16.5,Lost Customers
13667,149,1,4.16,Lost Customers
13668,113,12,188.43,Loyal Customers
13669,149,1,12.75,Lost Customers
13670,75,1,16.5,Almost Lost
13675,151,1,24.96,Lost Customers
13678,151,1,4.8,Lost Customers
13681,155,1,25.200000000000003,Lost Customers
13682,187,1,25.5,Lost Customers
13686,182,1,8.5,Lost Customers
13692,213,2,29.9,Lost Customers
13694,71,32,4472.68,Best Customers
13695,81,13,478.73,Best Customers
13699,155,1,17.700000000000003,Lost Customers
13700,92,6,120.51,Loyal Customers
13704,73,5,119.30000000000001,Best Customers
13705,144,1,9.899999999999999,Lost Customers
13707,267,1,10.2,Lost Customers
13708,271,1,4.949999999999999,Lost Customers
13709,101,4,153.46,Loyal Customers
13711,218,2,55.400000000000006,Lost Customers
13712,246,1,15.0,Lost Customers
13715,281,1,13.44,Lost Customers
13716,269,1,7.5,Lost Customers
13717,128,3,36.15,Lost Customers
13718,246,1,25.4,Lost Customers
13719,205,2,30.0,Lost Customers
13720,116,4,144.5,Loyal Customers
13722,131,3,78.63,Lost Customers
13723,217,1,47.2,Lost Customers
13725,169,3,55.0,Lost Customers
13726,100,1,15.0,Lost Customers
13728,107,4,56.84,Other
13730,135,2,37.8,Lost Customers
13731,219,2,34.5,Lost Customers
13735,175,2,35.7,Lost Customers
13736,260,1,9.9,Lost Customers
13737,200,1,73.94999999999999,Lost Customers
13740,240,1,5.04,Lost Customers
13741,71,3,81.85,Almost Lost
13742,89,8,170.55,Loyal Customers
13743,88,6,157.2,Loyal Customers
13744,95,1,4.68,Lost Customers
13745,162,1,9.0,Lost Customers
13748,95,4,51.41,Other
13750,140,2,338.19,Big Spenders
13752,124,6,203.55,Loyal Customers
13754,151,1,17.4,Lost Customers
13756,93,5,201.9,Loyal Customers
13758,201,2,25.049999999999997,Lost Customers
13759,71,1,17.4,Almost Lost
13760,256,1,2.95,Lost Customers
13761,179,1,15.9,Lost Customers
13762,218,1,104.39999999999999,Big Spenders
13764,70,2,26.84,Almost Lost
13767,80,22,891.94,Best Customers
13769,92,6,213.75,Loyal Customers
13771,199,2,83.7,Lost Customers
13772,96,2,20.2,Lost Customers
13774,81,1,19.8,Almost Lost
13777,77,13,1971.96,Best Customers
13778,103,1,8.25,Lost Customers
13780,170,1,2.08,Lost Customers
13781,250,1,4.25,Lost Customers
13782,124,2,32.3,Lost Customers
13784,94,6,464.88,Loyal Customers
13787,75,1,5.9,Almost Lost
13791,127,2,469.0,Big Spenders
13798,72,34,4648.8,Best Customers
13799,116,1,15.0,Lost Customers
13802,138,2,160.0,Big Spenders
13803,255,1,17.700000000000003,Lost Customers
13804,78,4,99.85,Best Customers
13805,129,1,169.0,Big Spenders
13808,93,2,85.08,Lost Customers
13821,144,2,31.740000000000002,Lost Customers
13823,91,1,16.5,Lost Customers
13824,135,3,213.8,Big Spenders
13826,176,1,21.9,Lost Customers
13827,133,2,8.85,Lost Customers
13831,87,4,202.7,Loyal Customers
13833,159,1,15.9,Lost Customers
13835,155,2,48.75,Lost Customers
13837,211,1,11.25,Lost Customers
13838,117,2,6.7,Lost Customers
13841,252,1,85.0,Lost Customers
13842,72,5,89.2,Other
13846,242,1,12.600000000000001,Lost Customers
13848,92,1,320.0,Big Spenders
13849,170,1,15.0,Lost Customers
13850,129,1,17.4,Lost Customers
13851,95,2,29.799999999999997,Lost Customers
13854,88,14,1990.3600000000001,Loyal Customers
13856,168,3,177.0,Big Spenders
13860,86,1,22.5,Lost Customers
13862,72,5,79.5,Other
13863,247,1,11.9,Lost Customers
13865,136,2,31.700000000000003,Lost Customers
13866,74,1,27.04,Almost Lost
13867,74,2,20.4,Almost Lost
13869,123,2,26.3,Lost Customers
13870,101,4,107.4,Loyal Customers
13871,92,8,156.3,Loyal Customers
13873,119,2,45.8,Lost Customers
13875,133,3,88.56,Lost Customers
13877,86,1,69.6,Lost Customers
13880,87,9,275.69,Loyal Customers
13881,71,11,997.7,Best Customers
13883,218,4,61.9,Other
13884,89,4,65.7,Other
13885,189,2,23.4,Lost Customers
13886,71,1,10.2,Almost Lost
13887,204,1,9.959999999999999,Lost Customers
13888,119,2,20.200000000000003,Lost Customers
13889,92,1,25.0,Lost Customers
13890,107,1,6.959999999999999,Lost Customers
13892,246,1,14.040000000000001,Lost Customers
13895,143,2,53.25000000000001,Lost Customers
13899,274,1,51.0,Lost Customers
13900,183,3,37.019999999999996,Lost Customers
13901,72,4,66.96000000000001,Other
13908,79,4,77.33,Other
13911,144,6,121.94,Loyal Customers
13917,191,1,2.2800000000000002,Lost Customers
13918,253,1,30.599999999999998,Lost Customers
13924,72,1,15.8,Almost Lost
13925,92,4,85.9,Other
13927,74,1,16.6,Almost Lost
13928,106,2,51.300000000000004,Lost Customers
13929,169,1,61.199999999999996,Lost Customers
13930,136,1,12.600000000000001,Lost Customers
13931,95,2,274.5,Big Spenders
13933,109,2,40.050000000000004,Lost Customers
13934,263,1,19.799999999999997,Lost Customers
13936,179,1,3.4799999999999995,Lost Customers
13937,169,1,30.599999999999998,Lost Customers
13939,108,1,10.2,Lost Customers
13940,116,2,26.1,Lost Customers
13941,89,2,250.08,Big Spenders
13946,79,3,238.01999999999998,Other
13949,77,2,25.08,Almost Lost
13950,73,2,39.599999999999994,Almost Lost
13951,176,2,35.1,Lost Customers
13952,217,2,54.0,Lost Customers
13953,115,4,1769.8,Loyal Customers
13954,70,1,15.0,Almost Lost
13955,154,1,4.95,Lost Customers
13956,138,3,9.5,Lost Customers
13959,79,2,15.75,Almost Lost
13960,71,1,17.700000000000003,Almost Lost
13962,245,1,19.9,Lost Customers
13967,145,1,35.7,Lost Customers
13969,107,9,278.67,Loyal Customers
13971,106,5,99.05000000000001,Loyal Customers
13972,70,2,24.659999999999997,Almost Lost
13975,128,4,80.09,Other
13976,206,1,69.36,Lost Customers
13979,73,1,20.8,Almost Lost
13982,163,1,9.9,Lost Customers
13983,88,5,328.95,Loyal Customers
13984,126,2,526.08,Big Spenders
13985,71,8,141.1,Best Customers
13988,72,4,66.66,Other
13989,239,1,23.8,Lost Customers
13990,213,1,23.4,Lost Customers
13991,75,2,9.64,Almost Lost
13993,89,5,174.6,Loyal Customers
13994,77,3,83.7,Almost Lost
13995,115,3,49.8,Lost Customers
13999,95,7,171.45000000000002,Loyal Customers
14000,211,1,61.199999999999996,Lost Customers
14001,232,1,19.9,Lost Customers
14002,134,2,17.88,Lost Customers
14004,78,5,116.8,Best Customers
14005,75,4,90.60000000000001,Other
14006,115,2,34.2,Lost Customers
14009,198,2,45.3,Lost Customers
14012,277,1,37.2,Lost Customers
14013,110,3,36.78,Lost Customers
14014,77,1,15.0,Almost Lost
14019,98,2,21.45,Lost Customers
14020,88,1,34.8,Lost Customers
14021,155,3,98.8,Big Spenders
14022,225,1,10.5,Lost Customers
14023,250,1,15.0,Lost Customers
14024,121,2,35.650000000000006,Lost Customers
14029,144,1,51.0,Lost Customers
14030,89,4,46.599999999999994,Other
14031,74,9,359.56,Best Customers
14032,87,5,157.44,Loyal Customers
14034,157,2,29.840000000000003,Lost Customers
14035,107,2,162.24,Big Spenders
14037,176,1,17.700000000000003,Lost Customers
14038,78,3,62.400000000000006,Almost Lost
14040,94,7,166.99,Loyal Customers
14041,266,1,0.58,Lost Customers
14044,103,2,22.7,Lost Customers
14045,109,1,408.0,Big Spenders
14047,73,2,100.9,Other
14049,158,2,31.95,Lost Customers
14050,106,1,25.200000000000003,Lost Customers
14051,91,10,859.5,Loyal Customers
14053,124,2,218.5,Big Spenders
14055,106,1,23.9,Lost Customers
14056,84,17,257.18,Best Customers
14057,89,11,596.98,Loyal Customers
14059,266,1,23.4,Lost Customers
14060,79,10,288.53999999999996,Best Customers
14062,71,7,714.32,Best Customers
14064,113,4,30.3,Other
14066,266,1,17.700000000000003,Lost Customers
14067,96,1,16.5,Lost Customers
14071,260,2,42.46,Lost Customers
14075,261,1,5.04,Lost Customers
14076,129,1,16.95,Lost Customers
14077,78,4,20.049999999999997,Other
14078,101,4,169.44,Loyal Customers
14079,124,1,15.0,Lost Customers
14083,126,4,43.3,Other
14085,141,6,42.839999999999996,Other
14088,128,6,459.40000000000003,Loyal Customers
14092,99,7,150.03,Loyal Customers
14096,74,6,32.169999999999995,Other
14099,120,5,80.64,Other
14100,137,1,7.95,Lost Customers
14101,73,4,1335.0,Best Customers
14104,154,2,89.16,Lost Customers
14105,239,1,25.5,Lost Customers
14107,96,4,104.82,Loyal Customers
14108,101,1,9.48,Lost Customers
14109,72,1,15.0,Almost Lost
14110,86,7,857.98,Loyal Customers
14111,95,3,206.1,Big Spenders
14112,130,4,100.7,Loyal Customers
14113,78,1,204.0,Other
14114,273,1,89.69999999999999,Lost Customers
14116,92,2,31.65,Lost Customers
14117,143,1,30.0,Lost Customers
14124,84,1,90.0,Almost Lost
14125,78,1,19.799999999999997,Almost Lost
14127,122,2,7.9399999999999995,Lost Customers
14128,255,1,5.04,Lost Customers
14129,95,3,56.2,Lost Customers
14132,87,6,126.9,Loyal Customers
14133,129,2,43.31999999999999,Lost Customers
14135,75,4,257.5,Best Customers
14141,73,2,60.0,Almost Lost
14143,133,1,17.0,Lost Customers
14145,156,3,1128.6,Big Spenders
14146,81,3,50.16,Almost Lost
14147,78,1,81.6,Almost Lost
14148,233,1,127.5,Big Spenders
14149,220,1,17.700000000000003,Lost Customers
14152,75,2,18.46,Almost Lost
14154,239,2,43.2,Lost Customers
14155,266,1,17.85,Lost Customers
14159,81,7,52.190000000000005,Other
14161,215,2,32.339999999999996,Lost Customers
14162,173,1,7.95,Lost Customers
14163,87,4,178.3,Loyal Customers
14164,70,2,423.25,Other
14165,275,1,5.9,Lost Customers
14167,165,2,25.5,Lost Customers
14171,98,1,8.5,Lost Customers
14173,219,1,7.8,Lost Customers
14175,171,1,10.0,Lost Customers
14177,86,4,174.55,Loyal Customers
14178,98,3,13.030000000000001,Lost Customers
14180,91,13,368.1,Loyal Customers
14188,71,4,58.2,Other
14189,96,7,91.3,Other
14191,80,8,199.79000000000002,Best Customers
14193,269,1,20.4,Lost Customers
14194,75,13,344.41,Best Customers
14195,201,2,336.6,Big Spenders
14196,106,1,30.0,Lost Customers
14198,86,3,47.85,Lost Customers
14199,218,1,175.2,Big Spenders
14201,80,5,181.01999999999998,Best Customers
14205,264,1,15.9,Lost Customers
14206,239,1,23.4,Lost Customers
14208,94,1,10.5,Lost Customers
14209,121,4,85.30000000000001,Other
14210,105,3,55.7,Lost Customers
14211,80,5,142.6,Best Customers
14212,89,1,237.60000000000002,Big Spenders
14214,156,3,53.699999999999996,Lost Customers
14215,77,2,31.5,Almost Lost
14217,74,8,308.33000000000004,Best Customers
14220,247,1,47.2,Lost Customers
14221,80,7,146.8,Best Customers
14222,177,1,10.5,Lost Customers
14223,92,3,46.699999999999996,Lost Customers
14224,110,3,50.95,Lost Customers
14226,70,3,122.7,Other
14227,85,8,171.87,Best Customers
14231,183,2,88.4,Lost Customers
14232,115,4,83.7,Other
14233,211,1,67.6,Lost Customers
14235,75,5,350.0,Best Customers
14236,80,1,13.200000000000001,Almost Lost
14239,71,8,164.31,Best Customers
14240,225,1,19.799999999999997,Lost Customers
14241,183,1,17.700000000000003,Lost Customers
14242,234,1,25.5,Lost Customers
14243,95,4,120.45,Loyal Customers
14245,219,2,28.5,Lost Customers
14246,110,3,62.25000000000001,Lost Customers
14247,278,1,9.95,Lost Customers
14250,89,1,19.8,Lost Customers
14256,260,1,10.2,Lost Customers
14257,123,3,115.65,Big Spenders
14258,89,6,668.0,Loyal Customers
14259,141,1,33.0,Lost Customers
14261,78,1,19.799999999999997,Almost Lost
14262,84,4,104.4,Best Customers
14264,154,2,55.2,Lost Customers
14267,162,3,45.480000000000004,Lost Customers
14271,225,1,7.800000000000001,Lost Customers
14272,73,2,35.5,Almost Lost
14273,136,3,62.400000000000006,Lost Customers
14276,98,2,45.7,Lost Customers
14280,196,1,14.850000000000001,Lost Customers
14282,81,9,175.34,Best Customers
14284,86,1,14.850000000000001,Lost Customers
14285,75,2,189.50000000000003,Other
14286,242,1,20.4,Lost Customers
14287,198,2,47.28,Lost Customers
14288,213,1,35.400000000000006,Lost Customers
14289,134,4,105.83999999999999,Loyal Customers
14290,81,1,15.0,Almost Lost
14291,120,7,138.28,Loyal Customers
14292,88,5,111.17999999999999,Loyal Customers
14293,147,1,20.8,Lost Customers
14297,274,1,39.8,Lost Customers
14298,72,27,1389.81,Best Customers
14299,78,2,27.900000000000002,Almost Lost
14301,117,1,60.0,Lost Customers
14304,222,1,30.0,Lost Customers
14305,71,3,35.6,Almost Lost
14306,85,1,102.0,Other
14307,88,4,64.74000000000001,Other
14309,93,4,116.7,Loyal Customers
14311,242,1,10.2,Lost Customers
14312,91,3,51.4,Lost Customers
14314,106,1,4.8,Lost Customers
14315,129,5,103.89999999999999,Loyal Customers
14320,206,1,5.04,Lost Customers
14321,73,3,21.84,Almost Lost
14323,114,2,35.7,Lost Customers
14326,242,1,60.0,Lost Customers
14327,163,1,39.599999999999994,Lost Customers
14329,108,3,70.65,Lost Customers
14331,124,2,32.85,Lost Customers
14332,147,1,104.04,Big Spenders
14334,93,5,73.25,Other
14336,198,3,56.400000000000006,Lost Customers
14338,161,2,25.950000000000003,Lost Customers
14339,242,1,17.4,Lost Customers
14340,218,1,27.0,Lost Customers
14341,130,4,79.8,Other
14342,137,2,88.0,Lost Customers
14344,127,5,63.150000000000006,Other
14346,120,1,15.0,Lost Customers
14348,260,1,91.80000000000001,Lost Customers
14350,274,1,19.8,Lost Customers
14351,164,1,51.0,Lost Customers
14352,157,4,148.0,Loyal Customers
14353,215,1,3.9000000000000004,Lost Customers
14356,79,2,35.4,Almost Lost
14359,87,1,17.4,Lost Customers
14360,94,1,10.2,Lost Customers
14364,108,8,562.06,Loyal Customers
14367,75,12,298.91,Best Customers
14375,185,1,2.95,Lost Customers
14377,191,2,195.14999999999998,Big Spenders
14383,163,1,34.0,Lost Customers
14387,74,2,31.5,Almost Lost
14388,91,5,80.67,Other
14389,190,1,33.0,Lost Customers
14390,144,3,46.339999999999996,Lost Customers
14393,218,1,17.25,Lost Customers
14395,78,5,38.3,Other
14397,79,11,383.92,Best Customers
14400,149,1,15.0,Lost Customers
14401,80,9,222.0,Best Customers
14403,130,4,278.1,Loyal Customers
14404,108,3,112.8,Big Spenders
14406,119,1,20.8,Lost Customers
14407,107,6,471.85,Loyal Customers
14408,94,6,119.60000000000001,Loyal Customers
14409,71,3,52.1,Almost Lost
14410,92,8,108.88,Loyal Customers
14412,72,1,17.4,Almost Lost
14414,91,6,61.839999999999996,Other
14415,98,6,72.7,Other
14418,108,1,9.899999999999999,Lost Customers
14419,73,2,11.05,Almost Lost
14420,99,1,19.799999999999997,Lost Customers
14421,211,1,19.799999999999997,Lost Customers
14422,70,3,97.9,Other
14423,218,1,163.2,Big Spenders
14426,140,4,76.8,Other
14428,79,2,91.32000000000001,Almost Lost
14432,89,1,1.17,Lost Customers
14434,72,1,69.6,Almost Lost
14436,98,1,12.5,Lost Customers
14440,72,1,35.400000000000006,Almost Lost
14441,94,2,50.400000000000006,Lost Customers
14443,138,1,5.04,Lost Customers
14446,80,2,8.45,Almost Lost
14447,196,2,46.5,Lost Customers
14449,246,1,3.9,Lost Customers
14450,180,2,5.6000000000000005,Lost Customers
14451,194,1,8.4,Lost Customers
14452,93,1,0.75,Lost Customers
14453,190,1,5.75,Lost Customers
14456,73,5,12.46,Other
14459,155,1,76.5,Lost Customers
14460,110,2,79.19999999999999,Lost Customers
14461,148,3,49.5,Lost Customers
14462,84,7,64.37,Other
14463,98,3,229.79999999999998,Big Spenders
14465,246,2,7.09,Lost Customers
14466,73,4,149.1,Best Customers
14472,103,5,39.14,Other
14473,74,2,123.16,Other
14475,71,2,24.660000000000004,Almost Lost
14476,257,1,5.9,Lost Customers
14477,184,1,179.0,Big Spenders
14479,253,1,17.700000000000003,Lost Customers
14481,164,1,15.6,Lost Customers
14482,99,2,4.15,Lost Customers
14483,281,1,8.850000000000001,Lost Customers
14487,82,3,29.15,Almost Lost
14489,207,1,29.88,Lost Customers
14491,175,1,19.799999999999997,Lost Customers
14493,155,1,40.8,Lost Customers
14495,121,1,20.8,Lost Customers
14498,116,3,34.69,Lost Customers
14499,133,2,16.349999999999998,Lost Customers
14500,88,3,84.75,Lost Customers
14501,183,1,27.04,Lost Customers
14502,149,5,194.84,Loyal Customers
14503,70,2,36.7,Almost Lost
14504,243,3,20.17,Lost Customers
14505,109,4,27.35,Other
14506,162,2,41.550000000000004,Lost Customers
14507,101,4,82.05,Other
14508,89,1,8.25,Lost Customers
14511,92,2,43.54,Lost Customers
14512,187,2,24.15,Lost Customers
14513,100,2,190.24,Big Spenders
14514,201,1,12.75,Lost Customers
14515,191,2,32.35,Lost Customers
14517,141,1,31.2,Lost Customers
14522,71,3,145.79999999999998,Other
14523,108,1,12.5,Lost Customers
14524,71,7,139.41,Best Customers
14525,100,5,54.989999999999995,Other
14527,71,29,298.07,Best Customers
14529,77,2,2.79,Almost Lost
14530,93,4,26.9,Other
14532,236,1,16.95,Lost Customers
14533,89,2,64.32,Lost Customers
14534,95,11,169.65,Loyal Customers
14535,127,2,23.4,Lost Customers
14536,259,1,0.85,Lost Customers
14538,256,1,35.7,Lost Customers
14540,75,1,3.4,Almost Lost
14541,168,3,67.45,Lost Customers
14542,185,1,17.0,Lost Customers
14543,73,11,367.45,Best Customers
14546,77,3,31.080000000000002,Almost Lost
14548,150,1,81.6,Lost Customers
14551,204,1,12.64,Lost Customers
14552,151,1,3.38,Lost Customers
14553,218,1,5.9,Lost Customers
14557,85,1,69.6,Almost Lost
14560,94,11,568.5999999999999,Loyal Customers
14561,75,3,34.2,Almost Lost
14562,78,8,137.97000000000003,Best Customers
14565,95,3,47.76,Lost Customers
14567,130,1,35.400000000000006,Lost Customers
14570,280,2,6.75,Lost Customers
14572,110,4,61.2,Other
14573,179,7,35.4,Other
14577,163,2,16.2,Lost Customers
14583,144,4,18.35,Other
14584,169,4,31.5,Other
14586,276,1,15.0,Lost Customers
14587,184,5,31.5,Other
14591,213,1,50.0,Lost Customers
14593,198,2,8.15,Lost Customers
14595,85,1,14.040000000000001,Almost Lost
14597,191,1,37.5,Lost Customers
14603,274,1,150.0,Big Spenders
14606,72,50,661.1,Best Customers
14607,261,1,165.0,Big Spenders
14608,85,1,90.0,Almost Lost
14609,72,3,457.56,Other
14616,242,1,158.4,Big Spenders
14619,245,1,19.9,Lost Customers
14620,205,2,18.18,Lost Customers
14621,156,2,61.5,Lost Customers
14622,184,1,20.8,Lost Customers
14623,116,3,12.86,Lost Customers
14625,196,1,17.0,Lost Customers
14626,122,2,23.5,Lost Customers
14628,91,2,54.6,Lost Customers
14631,235,1,17.700000000000003,Lost Customers
14632,262,1,15.9,Lost Customers
14633,266,1,15.8,Lost Customers
14636,268,1,19.5,Lost Customers
14639,120,2,38.55,Lost Customers
14640,127,4,136.65,Loyal Customers
14643,170,1,6.959999999999999,Lost Customers
14645,156,2,39.099999999999994,Lost Customers
14647,201,1,9.9,Lost Customers
14649,72,3,37.9,Almost Lost
14651,211,1,1.1400000000000001,Lost Customers
14652,77,1,4.25,Almost Lost
14655,70,2,40.2,Almost Lost
14656,169,2,22.7,Lost Customers
14657,155,2,26.1,Lost Customers
14658,117,1,2.95,Lost Customers
14659,78,5,54.900000000000006,Other
14660,86,2,8.64,Lost Customers
14662,234,2,8.05,Lost Customers
14665,89,1,39.6,Lost Customers
14667,74,12,206.53,Best Customers
14669,241,1,8.25,Lost Customers
14670,280,2,13.9,Lost Customers
14672,234,1,15.9,Lost Customers
14676,78,5,341.4,Best Customers
14680,71,10,1515.72,Best Customers
14681,71,3,120.0,Other
14682,187,2,52.0,Lost Customers
14684,81,2,2.7,Almost Lost
14687,106,1,10.2,Lost Customers
14688,70,12,543.46,Best Customers
14689,208,1,7.95,Lost Customers
14690,151,1,15.299999999999999,Lost Customers
14691,71,4,161.1,Best Customers
14692,137,2,8.4,Lost Customers
14693,264,1,4.25,Lost Customers
14696,71,4,53.92,Other
14697,218,2,22.63,Lost Customers
14699,214,1,12.600000000000001,Lost Customers
14700,189,2,2.95,Lost Customers
14701,172,5,130.55,Loyal Customers
14702,78,5,24.7,Other
14704,81,3,10.93,Almost Lost
14705,198,1,179.0,Big Spenders
14708,154,1,119.39999999999999,Big Spenders
14709,71,8,151.7,Best Customers
14711,91,9,382.85,Loyal Customers
14712,75,2,62.650000000000006,Almost Lost
14713,99,6,79.82000000000001,Other
14715,94,1,8.7,Lost Customers
14716,148,1,6.24,Lost Customers
14719,179,2,24.65,Lost Customers
14720,89,2,30.9,Lost Customers
14722,147,1,7.95,Lost Customers
14727,274,1,50.849999999999994,Lost Customers
14730,107,5,28.65,Other
14731,205,2,31.349999999999998,Lost Customers
14732,88,5,101.76,Loyal Customers
14733,110,5,188.18,Loyal Customers
14735,81,21,803.94,Best Customers
14737,128,1,170.0,Big Spenders
14738,133,4,69.75,Other
14739,94,2,171.18,Big Spenders
14740,197,3,42.239999999999995,Lost Customers
14741,113,2,76.15,Lost Customers
14745,112,4,74.8,Other
14747,249,1,33.9,Lost Customers
14748,123,2,25.679999999999996,Lost Customers
14753,87,1,17.85,Lost Customers
14755,73,6,149.19,Best Customers
14757,75,1,34.5,Almost Lost
14758,144,4,83.32,Other
14759,112,2,37.75,Lost Customers
14762,263,1,15.0,Lost Customers
14765,112,2,15.95,Lost Customers
14766,80,4,88.53,Other
14768,127,1,35.400000000000006,Lost Customers
14769,82,5,105.94,Best Customers
14770,232,1,15.299999999999999,Lost Customers
14772,112,1,17.4,Lost Customers
14775,137,1,19.799999999999997,Lost Customers
14776,105,7,175.79999999999998,Loyal Customers
14778,127,1,15.0,Lost Customers
14779,280,1,22.5,Lost Customers
14780,79,1,20.8,Almost Lost
14790,119,2,22.380000000000003,Lost Customers
14794,203,3,49.650000000000006,Lost Customers
14795,166,1,31.8,Lost Customers
14796,94,9,109.83,Loyal Customers
14798,144,1,15.0,Lost Customers
14800,75,7,33.36,Other
14803,162,2,179.45,Big Spenders
14806,75,1,10.5,Almost Lost
14808,74,7,182.3,Best Customers
14810,103,6,92.48,Loyal Customers
14816,197,1,9.95,Lost Customers
14817,200,2,21.25,Lost Customers
14818,73,3,17.5,Almost Lost
14819,192,1,19.92,Lost Customers
14820,75,2,40.8,Almost Lost
14823,180,3,19.45,Lost Customers
14824,73,2,179.0,Other
14825,89,5,105.0,Loyal Customers
14828,196,2,259.34000000000003,Big Spenders
14829,184,1,11.7,Lost Customers
14834,71,3,98.7,Other
14837,89,4,58.51,Other
14840,267,1,15.0,Lost Customers
14841,179,2,45.6,Lost Customers
14842,95,2,45.9,Lost Customers
14844,123,3,81.80000000000001,Lost Customers
14847,148,1,25.0,Lost Customers
14849,95,9,183.48,Loyal Customers
14851,256,1,10.2,Lost Customers
14852,96,5,104.15,Loyal Customers
14853,211,1,19.799999999999997,Lost Customers
14854,78,7,200.7,Best Customers
14855,119,2,50.39999999999999,Lost Customers
14857,148,1,25.5,Lost Customers
14859,80,2,23.479999999999997,Almost Lost
14862,148,1,4.0,Lost Customers
14866,80,4,602.2500000000001,Best Customers
14867,185,2,29.919999999999998,Lost Customers
14868,71,5,91.19999999999999,Other
14869,103,1,19.9,Lost Customers
14870,261,1,14.850000000000001,Lost Customers
14871,178,2,13.89,Lost Customers
14873,210,1,25.5,Lost Customers
14875,107,2,77.10000000000001,Lost Customers
14878,82,5,95.5,Best Customers
14880,77,2,30.3,Almost Lost
14883,73,4,38.92,Other
14885,131,1,20.4,Lost Customers
14886,252,1,39.8,Lost Customers
14887,79,1,72.0,Almost Lost
14888,207,1,16.5,Lost Customers
14890,253,1,10.2,Lost Customers
14891,148,2,43.5,Lost Customers
14894,85,1,40.8,Almost Lost
14895,91,12,376.0,Loyal Customers
14896,204,1,17.700000000000003,Lost Customers
14897,88,1,19.799999999999997,Lost Customers
14898,134,2,94.16,Big Spenders
14901,73,4,89.76,Other
14903,124,4,45.7,Other
14905,157,2,121.19999999999999,Big Spenders
14907,99,2,23.16,Lost Customers
14908,74,1,9.9,Almost Lost
14913,183,2,13.440000000000001,Lost Customers
14915,91,2,57.480000000000004,Lost Customers
14916,70,3,22.32,Almost Lost
14918,115,2,85.80000000000001,Lost Customers
14920,212,2,34.2,Lost Customers
14921,201,1,25.200000000000003,Lost Customers
14924,245,1,47.400000000000006,Lost Customers
14944,77,7,193.57,Best Customers
14947,72,2,70.32,Almost Lost
14948,71,5,83.52000000000001,Other
14951,79,1,1.92,Almost Lost
14952,71,6,460.2,Best Customers
14957,253,1,5.0,Lost Customers
14958,147,3,47.9,Lost Customers
14959,109,2,30.200000000000003,Lost Customers
14960,171,1,67.5,Lost Customers
14961,81,5,151.20000000000002,Best Customers
14962,270,1,14.850000000000001,Lost Customers
14963,183,1,5.85,Lost Customers
14964,247,1,12.75,Lost Customers
14965,96,2,77.08,Lost Customers
14970,137,2,107.25,Big Spenders
14972,128,1,12.75,Lost Customers
14973,107,3,74.7,Lost Customers
14976,101,3,32.6,Lost Customers
14978,72,2,43.35000000000001,Almost Lost
14981,246,1,16.5,Lost Customers
14984,180,1,3.38,Lost Customers
14985,198,1,4.95,Lost Customers
14988,211,1,1.66,Lost Customers
14995,280,1,2.5,Lost Customers
14997,88,2,32.64,Lost Customers
14998,170,2,7.85,Lost Customers
15002,115,1,35.400000000000006,Lost Customers
15004,147,1,3.3,Lost Customers
15005,78,18,87.41,Other
15007,159,1,15.0,Lost Customers
15014,176,1,33.15,Lost Customers
15016,172,1,7.95,Lost Customers
15018,252,1,13.950000000000001,Lost Customers
15019,266,1,0.85,Lost Customers
15021,86,5,20.32,Other
15023,116,6,65.25,Other
15024,113,2,41.699999999999996,Lost Customers
15026,80,3,22.2,Almost Lost
15027,168,3,169.2,Big Spenders
15030,71,2,125.4,Other
15031,110,2,4.949999999999999,Lost Customers
15032,256,1,16.5,Lost Customers
15033,109,5,44.650000000000006,Other
15034,70,4,56.730000000000004,Other
15035,89,1,3.75,Lost Customers
15036,72,3,28.270000000000003,Almost Lost
15038,187,3,15.940000000000001,Lost Customers
15039,80,26,627.6500000000001,Best Customers
15041,170,1,4.15,Lost Customers
15042,199,1,76.5,Lost Customers
15044,75,7,107.73,Best Customers
15045,151,2,95.28000000000002,Big Spenders
15046,96,6,207.64999999999998,Loyal Customers
15047,269,1,12.600000000000001,Lost Customers
15048,116,2,16.75,Lost Customers
15049,273,1,1.7,Lost Customers
15050,71,2,37.5,Almost Lost
15051,150,1,8.25,Lost Customers
15053,156,2,29.25,Lost Customers
15057,275,1,269.09999999999997,Big Spenders
15058,81,5,83.1,Other
15059,107,4,22.869999999999997,Other
15061,73,23,3417.7,Best Customers
15062,71,2,35.8,Almost Lost
15063,213,1,30.599999999999998,Lost Customers
15065,164,2,32.7,Lost Customers
15067,78,3,72.9,Almost Lost
15068,256,1,13.5,Lost Customers
15069,179,1,12.75,Lost Customers
15071,93,2,155.8,Big Spenders
15073,185,2,79.67999999999999,Lost Customers
15074,105,1,34.68,Lost Customers
15075,77,1,33.2,Almost Lost
15076,172,1,21.9,Lost Customers
15078,74,17,319.15,Best Customers
15079,212,2,88.4,Lost Customers
15081,86,2,39.8,Lost Customers
15083,256,1,34.8,Lost Customers
15087,281,1,24.96,Lost Customers
15089,94,3,41.61,Lost Customers
15092,215,2,54.15,Lost Customers
15093,116,2,270.29999999999995,Big Spenders
15095,103,4,85.2,Other
15098,182,3,39916.5,Big Spenders
15099,84,1,14.75,Almost Lost
15103,86,1,23.4,Lost Customers
15104,196,2,56.4,Lost Customers
15105,86,3,49.36,Lost Customers
15106,141,3,46.74,Lost Customers
15109,245,1,15.0,Lost Customers
15110,126,1,10.2,Lost Customers
15114,71,8,133.22,Best Customers
15116,134,2,117.8,Big Spenders
15117,120,2,37.3,Lost Customers
15118,134,1,244.8,Big Spenders
15119,245,1,33.9,Lost Customers
15120,133,1,39.6,Lost Customers
15122,114,2,32.3,Lost Customers
15123,206,1,15.299999999999999,Lost Customers
15124,191,1,7.800000000000001,Lost Customers
15125,113,12,1427.04,Loyal Customers
15128,126,3,58.4,Lost Customers
15129,106,9,621.45,Loyal Customers
15130,169,1,15.0,Lost Customers
15132,105,3,48.60000000000001,Lost Customers
15133,127,2,79.56,Lost Customers
15134,72,5,104.48,Best Customers
15135,239,1,19.5,Lost Customers
15136,96,1,29.880000000000003,Lost Customers
15139,239,1,9.36,Lost Customers
15140,79,6,128.16,Best Customers
15143,225,1,19.799999999999997,Lost Customers
15144,71,11,364.5,Best Customers
15145,227,2,25.2,Lost Customers
15146,164,1,19.8,Lost Customers
15147,240,1,15.0,Lost Customers
15149,133,1,17.0,Lost Customers
15150,73,7,155.86,Best Customers
15152,84,7,132.79000000000002,Best Customers
15154,75,1,2.95,Almost Lost
15157,154,1,9.36,Lost Customers
15159,89,16,506.62,Loyal Customers
15163,192,1,69.3,Lost Customers
15164,208,1,2.1,Lost Customers
15172,70,4,60.3,Other
15175,71,1,17.4,Almost Lost
15178,260,1,19.5,Lost Customers
15179,233,2,169.5,Big Spenders
15181,175,2,81.0,Lost Customers
15182,154,2,36.6,Lost Customers
15184,190,1,11.9,Lost Customers
15185,70,1,15.600000000000001,Almost Lost
15186,168,1,31.6,Lost Customers
15187,70,8,706.16,Best Customers
15189,91,29,1904.71,Loyal Customers
15192,119,2,45.3,Lost Customers
15194,78,8,149.85000000000002,Best Customers
15197,252,1,39.0,Lost Customers
15198,92,2,33.32,Lost Customers
15199,94,2,340.0,Big Spenders
15201,87,5,203.98,Loyal Customers
15203,79,4,50.339999999999996,Other
15205,85,2,22.650000000000002,Almost Lost
15206,99,3,96.6,Big Spenders
15208,163,1,51.0,Lost Customers
15210,225,1,14.75,Lost Customers
15212,241,1,11.6,Lost Customers
15214,75,3,44.58,Almost Lost
15215,96,1,17.700000000000003,Lost Customers
15216,87,1,63.6,Lost Customers
15218,74,8,452.6,Best Customers
15219,176,1,79.80000000000001,Lost Customers
15220,115,5,109.8,Loyal Customers
15223,225,2,80.7,Lost Customers
15225,234,1,15.0,Lost Customers
15227,215,1,15.8,Lost Customers
15228,129,2,39.599999999999994,Lost Customers
15230,239,2,94.80000000000001,Big Spenders
15232,113,2,34.0,Lost Customers
15234,276,1,15.0,Lost Customers
15235,217,3,61.5,Lost Customers
15237,78,3,46.22,Almost Lost
15238,95,2,23.520000000000003,Lost Customers
15239,78,1,15.0,Almost Lost
15240,84,3,62.88000000000001,Almost Lost
15241,73,7,125.1,Best Customers
15243,74,1,12.48,Almost Lost
15244,248,1,19.799999999999997,Lost Customers
15245,134,3,80.0,Lost Customers
15246,238,1,10.2,Lost Customers
15247,122,1,81.6,Lost Customers
15249,91,11,296.55,Loyal Customers
15251,91,8,879.06,Loyal Customers
15252,183,1,19.799999999999997,Lost Customers
15253,88,3,65.25,Lost Customers
15254,127,1,16.8,Lost Customers
15256,148,1,16.5,Lost Customers
15257,283,1,33.9,Lost Customers
15258,168,2,33.5,Lost Customers
15260,100,5,98.9,Loyal Customers
15261,135,1,4.5600000000000005,Lost Customers
15263,106,1,17.4,Lost Customers
15265,151,2,32.55,Lost Customers
15267,155,2,401.76,Big Spenders
15270,117,2,43.900000000000006,Lost Customers
15271,94,8,114.94,Loyal Customers
15272,86,1,26.099999999999998,Lost Customers
15280,172,1,0.72,Lost Customers
15281,136,6,143.52,Loyal Customers
15287,70,1,90.0,Almost Lost
15288,155,3,83.10000000000001,Lost Customers
15289,137,2,30.240000000000002,Lost Customers
15290,79,9,271.0,Best Customers
15291,94,8,548.63,Loyal Customers
15292,201,1,3.3,Lost Customers
15296,109,4,56.75,Other
15298,92,4,1063.4,Loyal Customers
15299,164,2,1200.0,Big Spenders
15301,72,10,868.3,Best Customers
15304,85,6,235.45,Best Customers
15306,92,2,119.4,Big Spenders
15307,95,1,22.5,Lost Customers
15308,274,1,19.9,Lost Customers
15311,73,44,2613.55,Best Customers
15312,75,3,41.8,Almost Lost
15313,110,1,52.0,Lost Customers
15314,199,1,5.04,Lost Customers
15315,116,1,18.0,Lost Customers
15319,283,1,11.9,Lost Customers
15321,70,2,92.7,Other
15322,85,1,8.5,Almost Lost
15325,103,1,1.25,Lost Customers
15329,134,2,25.5,Lost Customers
15333,208,1,22.5,Lost Customers
15334,156,3,21.54,Lost Customers
15341,80,1,102.0,Other
15342,129,1,15.299999999999999,Lost Customers
15343,87,1,25.5,Lost Customers
15344,74,1,12.5,Almost Lost
15348,72,1,15.0,Almost Lost
15349,158,2,18.4,Lost Customers
15351,79,1,1.65,Almost Lost
15353,254,1,21.9,Lost Customers
15356,71,6,24.2,Other
15358,74,12,225.92,Best Customers
15364,95,2,104.75999999999999,Big Spenders
15365,81,3,224.40000000000003,Other
15366,75,1,30.0,Almost Lost
15367,245,2,32.1,Lost Customers
15370,71,3,111.1,Other
15372,137,1,88.80000000000001,Lost Customers
15373,115,5,106.75,Loyal Customers
15374,128,1,91.8,Lost Customers
15376,117,2,20.299999999999997,Lost Customers
15379,169,4,107.56,Loyal Customers
15380,86,2,36.9,Lost Customers
15381,213,2,349.95000000000005,Big Spenders
15382,84,4,113.70000000000002,Best Customers
15384,169,1,15.299999999999999,Lost Customers
15386,186,1,23.400000000000002,Lost Customers
15389,172,1,500.0,Big Spenders
15392,88,1,13.200000000000001,Lost Customers
15393,281,1,9.899999999999999,Lost Customers
15394,78,2,44.2,Almost Lost
15396,112,1,68.0,Lost Customers
15398,78,1,16.5,Almost Lost
15399,79,1,16.5,Almost Lost
15400,92,5,331.9,Loyal Customers
15402,148,2,64.2,Lost Customers
15405,189,1,61.199999999999996,Lost Customers
15407,183,2,5.08,Lost Customers
15408,264,1,4.95,Lost Customers
15410,84,8,219.97,Best Customers
15411,70,3,41.1,Almost Lost
15412,171,1,102.0,Big Spenders
15414,242,1,15.299999999999999,Lost Customers
15416,155,3,49.65,Lost Customers
15417,85,1,15.6,Almost Lost
15421,215,2,47.8,Lost Customers
15424,254,2,48.72,Lost Customers
15426,257,1,4.2,Lost Customers
15429,75,1,9.95,Almost Lost
15433,213,2,23.46,Lost Customers
15434,107,3,41.62,Lost Customers
15436,234,1,1.25,Lost Customers
15437,262,1,3.3,Lost Customers
15438,131,1,11.8,Lost Customers
15440,136,2,5.8,Lost Customers
15442,248,1,297.0,Big Spenders
15443,73,2,22.349999999999998,Almost Lost
15445,264,1,20.4,Lost Customers
15449,185,2,41.6,Lost Customers
15452,71,2,32.650000000000006,Almost Lost
15453,92,4,32.150000000000006,Other
15456,283,2,8.05,Lost Customers
15457,262,1,1.25,Lost Customers
15462,94,3,54.599999999999994,Lost Customers
15465,82,10,1953.2499999999998,Best Customers
15466,85,1,5.1,Almost Lost
15467,145,2,40.2,Lost Customers
15469,120,1,35.400000000000006,Lost Customers
15472,113,1,2.08,Lost Customers
15475,77,1,17.85,Almost Lost
15482,165,2,57.56,Lost Customers
15483,161,4,10.64,Other
15484,78,1,13.52,Almost Lost
15488,92,1,15.0,Lost Customers
15489,211,1,19.5,Lost Customers
15491,95,6,181.20000000000002,Loyal Customers
15492,74,1,5.04,Almost Lost
15493,149,3,15.48,Lost Customers
15494,121,1,1.68,Lost Customers
15498,84,16,632.49,Best Customers
15500,81,1,7.800000000000001,Almost Lost
15502,89,5,424.5,Loyal Customers
15504,81,1,7.5,Almost Lost
15505,84,4,114.98,Best Customers
15506,138,1,7.95,Lost Customers
15507,171,1,7.95,Lost Customers
15508,189,6,52.010000000000005,Other
15511,85,1,9.95,Almost Lost
15512,155,1,19.799999999999997,Lost Customers
15513,94,12,509.11,Loyal Customers
15514,225,2,52.5,Lost Customers
15517,233,1,7.56,Lost Customers
15518,124,4,16.89,Other
15521,94,7,207.85,Loyal Customers
15522,87,1,2.52,Lost Customers
15523,84,1,232.50000000000003,Other
15527,89,4,27.73,Other
15528,254,1,3.75,Lost Customers
15529,87,6,75.8,Other
15530,149,3,13.34,Lost Customers
15532,131,2,16.950000000000003,Lost Customers
15533,82,2,39.75,Almost Lost
15535,173,2,13.149999999999999,Lost Customers
15537,163,1,1.25,Lost Customers
15541,114,1,2.08,Lost Customers
15544,119,4,47.85,Other
15547,82,7,47.45,Other
15549,77,2,38.25,Almost Lost
15550,106,2,13.2,Lost Customers
15552,217,1,5.9,Lost Customers
15554,277,1,15.9,Lost Customers
15555,78,8,99.14999999999999,Best Customers
15561,149,3,121.79999999999998,Big Spenders
15563,200,1,36.25,Lost Customers
15565,70,1,16.5,Almost Lost
15568,73,1,9.36,Almost Lost
15569,103,4,671.76,Loyal Customers
15570,141,3,34.05,Lost Customers
15571,78,1,24.900000000000002,Almost Lost
15572,109,4,22.55,Other
15573,85,1,0.21,Almost Lost
15574,177,1,17.0,Lost Customers
15577,151,2,15.9,Lost Customers
15578,162,1,7.95,Lost Customers
15581,120,9,2737.25,Loyal Customers
15582,100,2,29.85,Lost Customers
15584,72,2,10.030000000000001,Almost Lost
15585,176,1,15.9,Lost Customers
15587,89,2,182.16000000000003,Big Spenders
15589,255,2,45.3,Lost Customers
15593,70,1,15.0,Almost Lost
15594,81,3,46.519999999999996,Almost Lost
15596,100,3,38.05,Lost Customers
15599,204,1,27.04,Lost Customers
15601,89,5,119.66,Loyal Customers
15602,70,2,39.8,Almost Lost
15603,78,1,34.56,Almost Lost
15605,89,2,30.300000000000004,Lost Customers
15606,119,5,273.92,Loyal Customers
15608,120,1,17.0,Lost Customers
15609,184,1,19.8,Lost Customers
15611,70,9,389.42,Best Customers
15615,105,14,308.34,Loyal Customers
15618,92,3,64.8,Lost Customers
15620,220,1,16.5,Lost Customers
15622,86,8,172.74,Loyal Customers
15623,141,1,17.700000000000003,Lost Customers
15624,116,4,73.05000000000001,Other
15625,103,4,70.2,Other
15626,74,1,10.2,Almost Lost
15628,98,4,75.9,Other
15630,204,1,19.799999999999997,Lost Customers
15632,121,6,132.06,Loyal Customers
15636,89,2,50.400000000000006,Lost Customers
15639,134,1,39.8,Lost Customers
15640,78,7,252.9,Best Customers
15641,105,3,34.71,Lost Customers
15643,191,3,114.4,Big Spenders
15644,166,4,12.600000000000001,Other
15646,157,2,37.6,Lost Customers
15648,204,2,35.25,Lost Customers
15651,260,1,5.04,Lost Customers
15652,91,1,30.0,Lost Customers
15653,92,2,432.11999999999995,Big Spenders
15655,243,1,15.9,Lost Customers
15656,178,2,27.810000000000002,Lost Customers
15658,190,3,32.5,Lost Customers
15660,85,6,143.26,Best Customers
15663,106,1,14.040000000000001,Lost Customers
15665,168,2,43.800000000000004,Lost Customers
15668,217,1,76.32000000000001,Lost Customers
15669,103,3,118.32,Big Spenders
15671,94,5,269.52000000000004,Loyal Customers
15673,88,3,46.5,Lost Customers
15674,73,5,402.67,Best Customers
15675,81,3,49.2,Almost Lost
15676,283,1,8.5,Lost Customers
15679,154,2,27.060000000000002,Lost Customers
15681,183,3,62.7,Lost Customers
15683,117,1,20.8,Lost Customers
15687,186,2,47.599999999999994,Lost Customers
15689,119,1,30.0,Lost Customers
15690,100,1,46.8,Lost Customers
15691,252,1,45.0,Lost Customers
15694,176,5,579.0,Loyal Customers
15695,266,2,55.95,Lost Customers
15696,79,4,81.9,Other
15700,172,2,16.4,Lost Customers
15701,73,2,21.95,Almost Lost
15703,264,1,23.4,Lost Customers
15704,140,4,91.8,Other
15705,201,1,60.0,Lost Customers
15706,75,2,32.4,Almost Lost
15707,86,1,7.95,Lost Customers
15708,138,2,27.570000000000004,Lost Customers
15709,283,1,38.160000000000004,Lost Customers
15712,71,3,231.06,Other
15713,143,1,15.0,Lost Customers
15714,77,1,25.200000000000003,Almost Lost
15716,145,3,15.92,Lost Customers
15717,234,1,35.400000000000006,Lost Customers
15719,99,9,68.4,Other
15722,108,2,32.45,Lost Customers
15724,201,1,15.0,Lost Customers
15727,107,4,92.70000000000002,Loyal Customers
15729,212,1,15.0,Lost Customers
15730,92,2,28.65,Lost Customers
15732,212,1,16.5,Lost Customers
15733,282,1,19.799999999999997,Lost Customers
15734,114,2,61.5,Lost Customers
15737,79,6,108.3,Best Customers
15738,96,9,169.17000000000002,Loyal Customers
15743,113,2,22.5,Lost Customers
15744,77,1,13.919999999999998,Almost Lost
15745,73,2,43.35,Almost Lost
15746,134,1,18.75,Lost Customers
15747,120,2,18.65,Lost Customers
15749,235,1,4632.0,Big Spenders
15750,72,3,16.63,Almost Lost
15752,93,5,35.09,Other
15754,73,2,32.34,Almost Lost
15755,74,4,73.08,Other
15756,152,3,8.76,Lost Customers
15757,217,1,35.7,Lost Customers
15759,218,1,68.0,Lost Customers
15762,77,1,17.34,Almost Lost
15763,77,1,14.850000000000001,Almost Lost
15764,88,6,86.7,Other
15768,115,3,46.349999999999994,Lost Customers
15769,87,15,6609.4,Loyal Customers
15775,245,1,15.0,Lost Customers
15776,133,1,7.4399999999999995,Lost Customers
15777,241,1,16.5,Lost Customers
15780,183,2,45.0,Lost Customers
15781,137,1,35.400000000000006,Lost Customers
15782,89,1,102.0,Big Spenders
15785,157,3,47.879999999999995,Lost Customers
15786,114,1,35.8,Lost Customers
15791,204,1,39.6,Lost Customers
15793,268,1,81.6,Lost Customers
15795,149,1,6.959999999999999,Lost Customers
15796,72,5,100.5,Best Customers
15797,113,2,697.2,Big Spenders
15799,75,2,9.9,Almost Lost
15800,107,2,15.18,Lost Customers
15801,109,1,17.0,Lost Customers
15802,142,1,451.42,Big Spenders
15804,78,8,123.98,Best Customers
15805,106,9,187.91000000000003,Loyal Customers
15806,157,2,26.43,Lost Customers
15807,77,1,11.399999999999999,Almost Lost
15809,184,3,55.3,Lost Customers
15810,78,3,40.39,Almost Lost
15811,105,2,31.5,Lost Customers
15812,107,4,488.25000000000006,Loyal Customers
15813,207,2,40.35,Lost Customers
15815,140,4,325.7,Loyal Customers
15819,131,3,45.64,Lost Customers
15825,172,1,25.5,Lost Customers
15826,210,1,40.8,Lost Customers
15827,73,9,162.8,Best Customers
15829,99,2,9.6,Lost Customers
15831,124,1,15.6,Lost Customers
15832,254,1,12.5,Lost Customers
15834,70,4,154.85,Best Customers
15835,137,2,35.8,Lost Customers
15838,77,11,1817.56,Best Customers
15839,80,2,26.46,Almost Lost
15840,172,1,6.84,Lost Customers
15841,72,3,156.08,Other
15845,86,4,129.8,Loyal Customers
15850,168,1,1.05,Lost Customers
15852,186,2,70.25,Lost Customers
15854,86,7,755.0500000000001,Loyal Customers
15855,136,5,40.15,Other
15856,95,13,372.23,Loyal Customers
15858,77,1,11.850000000000001,Almost Lost
15860,75,6,30.68,Other
15861,134,3,28.349999999999998,Lost Customers
15862,112,2,32.0,Lost Customers
15863,192,1,1.25,Lost Customers
15864,98,2,324.48,Big Spenders
15865,88,2,56.6,Lost Customers
15866,101,1,16.95,Lost Customers
15867,70,7,70.69,Other
15869,277,2,18.0,Lost Customers
15874,177,5,232.25,Loyal Customers
15882,198,2,15.799999999999999,Lost Customers
15885,92,2,34.8,Lost Customers
15888,80,1,22.5,Almost Lost
15889,156,1,15.9,Lost Customers
15891,226,1,2.55,Lost Customers
15894,253,1,7.56,Lost Customers
15895,149,1,137.16,Big Spenders
15897,194,2,12.7,Lost Customers
15898,226,2,294.5,Big Spenders
15901,77,2,18.45,Almost Lost
15903,70,3,289.68,Other
15906,144,4,30.4,Other
15907,176,2,11.7,Lost Customers
15909,173,1,19.799999999999997,Lost Customers
15910,99,3,11.23,Lost Customers
15912,178,2,30.42,Lost Customers
15916,77,3,38.4,Almost Lost
15917,247,1,10.2,Lost Customers
15918,190,2,40.5,Lost Customers
15920,154,4,9.25,Other
15921,172,1,10.2,Lost Customers
15925,194,1,38.25,Lost Customers
15932,88,6,105.0,Loyal Customers
15933,71,2,24.810000000000002,Almost Lost
15935,239,2,324.62,Big Spenders
15938,112,4,165.8,Loyal Customers
15939,89,11,784.46,Loyal Customers
15942,133,1,10.08,Lost Customers
15944,276,1,17.700000000000003,Lost Customers
15947,82,1,179.0,Other
15949,71,1,15.0,Almost Lost
15950,78,2,28.75,Almost Lost
15952,159,2,15.850000000000001,Lost Customers
15953,211,2,23.349999999999998,Lost Customers
15955,71,9,238.46,Best Customers
15958,74,1,3.95,Almost Lost
15969,185,1,34.0,Lost Customers
15971,88,7,801.95,Loyal Customers
15974,95,5,87.01,Other
15975,84,1,17.700000000000003,Almost Lost
15976,165,2,18.15,Lost Customers
15978,77,1,20.8,Almost Lost
15980,88,3,120.63999999999999,Big Spenders
15981,77,6,277.29999999999995,Best Customers
15984,71,5,158.1,Best Customers
15985,123,2,36.9,Lost Customers
15987,120,5,492.15000000000003,Loyal Customers
15996,88,4,34.15,Other
15998,87,3,29.25,Lost Customers
16003,134,2,31.3,Lost Customers
16005,182,2,5.949999999999999,Lost Customers
16006,211,1,23.099999999999998,Lost Customers
16007,180,2,26.75,Lost Customers
16008,75,2,37.6,Almost Lost
16009,159,1,6.24,Lost Customers
16010,245,2,8.84,Lost Customers
16011,71,9,195.01,Best Customers
16012,128,2,43.400000000000006,Lost Customers
16013,70,24,10402.34,Best Customers
16014,152,1,7.8,Lost Customers
16016,79,4,43.05,Other
16018,180,1,3.75,Lost Customers
16019,136,3,31.97,Lost Customers
16022,260,1,7.95,Lost Customers
16023,192,2,10.45,Lost Customers
16027,91,4,331.75,Loyal Customers
16029,80,39,15119.49,Best Customers
16031,92,2,20.45,Lost Customers
16033,82,12,230.60000000000002,Best Customers
16034,196,2,87.75,Lost Customers
16036,87,2,90.84,Lost Customers
16037,269,1,23.4,Lost Customers
16038,177,2,38.1,Lost Customers
16040,148,2,40.5,Lost Customers
16041,141,2,1153.4,Big Spenders
16042,107,1,19.799999999999997,Lost Customers
16043,211,2,84.30000000000001,Lost Customers
16045,119,3,58.2,Lost Customers
16049,75,1,0.55,Almost Lost
16050,173,1,24.900000000000002,Lost Customers
16053,122,1,20.8,Lost Customers
16054,145,1,7.95,Lost Customers
16055,220,1,12.75,Lost Customers
16057,96,5,104.55,Loyal Customers
16059,71,3,37.7,Almost Lost
16062,133,2,24.939999999999998,Lost Customers
16063,260,1,17.4,Lost Customers
16066,124,1,35.7,Lost Customers
16076,79,6,128.73,Best Customers
16078,283,1,79.2,Lost Customers
16080,81,2,66.80000000000001,Almost Lost
16081,87,3,55.199999999999996,Lost Customers
16083,100,1,33.2,Lost Customers
16085,79,2,20.45,Almost Lost
16086,98,2,65.2,Lost Customers
16091,154,2,40.6,Lost Customers
16092,114,3,44.98,Lost Customers
16093,106,1,17.0,Lost Customers
16094,219,1,15.9,Lost Customers
16096,264,1,10.08,Lost Customers
16097,240,1,30.0,Lost Customers
16098,87,5,156.15,Loyal Customers
16099,137,2,50.8,Lost Customers
16101,70,1,15.0,Almost Lost
16102,98,2,94.80000000000001,Big Spenders
16103,79,5,140.8,Best Customers
16105,248,1,15.6,Lost Customers
16107,89,4,240.3,Loyal Customers
16108,84,1,24.96,Almost Lost
16109,218,1,4.5600000000000005,Lost Customers
16110,262,1,0.42,Lost Customers
16112,143,2,18.16,Lost Customers
16113,183,1,15.12,Lost Customers
16114,170,1,17.700000000000003,Lost Customers
16115,72,5,38.41,Other
16116,211,1,13.52,Lost Customers
16117,189,1,7.8,Lost Customers
16119,72,1,17.700000000000003,Almost Lost
16121,215,1,5.9,Lost Customers
16122,73,2,143.04000000000002,Other
16126,101,2,92.4,Lost Customers
16128,77,3,72.78,Almost Lost
16131,115,4,101.84,Loyal Customers
16133,70,23,1317.41,Best Customers
16135,262,1,175.2,Big Spenders
16136,77,2,51.2,Almost Lost
16139,112,2,40.31999999999999,Lost Customers
16141,88,1,17.85,Lost Customers
16142,249,1,19.8,Lost Customers
16143,108,2,30.599999999999998,Lost Customers
16144,246,1,175.2,Big Spenders
16145,73,6,90.65,Other
16146,157,3,247.8,Big Spenders
16147,133,1,16.5,Lost Customers
16149,142,1,9.120000000000001,Lost Customers
16150,88,3,69.6,Lost Customers
16152,268,1,81.6,Lost Customers
16153,115,3,45.0,Lost Customers
16156,85,5,105.84,Best Customers
16157,72,1,29.700000000000003,Almost Lost
16159,281,1,15.0,Lost Customers
16160,85,1,62.400000000000006,Almost Lost
16161,78,7,104.55000000000001,Best Customers
16162,252,1,25.5,Lost Customers
16163,232,1,415.00000000000006,Big Spenders
16168,74,17,720.5,Best Customers
16169,75,1,20.8,Almost Lost
16170,112,5,116.17999999999999,Loyal Customers
16172,95,5,105.60000000000001,Loyal Customers
16173,78,3,40.2,Almost Lost
16174,126,3,439.8,Big Spenders
16175,94,4,55.47,Other
16178,138,1,17.4,Lost Customers
16180,100,8,374.75,Loyal Customers
16181,73,1,11.9,Almost Lost
16182,72,3,532.0,Other
16184,105,5,107.30000000000001,Loyal Customers
16185,232,1,22.5,Lost Customers
16186,103,8,118.62,Loyal Customers
16187,75,11,349.76,Best Customers
16188,141,3,35.59,Lost Customers
16189,85,1,17.4,Almost Lost
16191,262,1,90.0,Lost Customers
16193,236,1,25.200000000000003,Lost Customers
16198,75,1,20.28,Almost Lost
16200,164,1,33.9,Lost Customers
16201,109,1,20.8,Lost Customers
16203,147,2,30.0,Lost Customers
16205,179,1,8.3,Lost Customers
16206,124,2,21.48,Lost Customers
16209,88,5,1422.72,Loyal Customers
16210,86,6,687.36,Loyal Customers
16211,88,1,29.849999999999998,Lost Customers
16212,283,1,16.5,Lost Customers
16213,78,1,11.7,Almost Lost
16214,170,3,157.20000000000002,Big Spenders
16215,80,1,15.0,Almost Lost
16216,267,1,16.8,Lost Customers
16217,235,2,40.050000000000004,Lost Customers
16218,114,5,307.8,Loyal Customers
16221,275,1,18.0,Lost Customers
16224,141,3,53.4,Lost Customers
16225,149,4,52.11000000000001,Other
16226,203,3,62.7,Lost Customers
16227,225,1,17.700000000000003,Lost Customers
16229,87,2,80.2,Lost Customers
16230,189,2,26.46,Lost Customers
16232,143,3,60.449999999999996,Lost Customers
16233,71,1,12.48,Almost Lost
16235,81,2,25.9,Almost Lost
16236,78,1,15.9,Almost Lost
16239,189,1,33.6,Lost Customers
16240,77,1,290.0,Other
16241,96,8,55.9,Other
16242,165,3,30.18,Lost Customers
16244,211,1,17.0,Lost Customers
16245,121,2,23.7,Lost Customers
16247,170,1,4.95,Lost Customers
16249,112,4,96.7,Loyal Customers
16250,261,1,8.5,Lost Customers
16253,255,1,39.599999999999994,Lost Customers
16255,95,4,50.6,Other
16256,266,1,102.0,Big Spenders
16257,176,1,21.95,Lost Customers
16258,127,4,383.90000000000003,Loyal Customers
16261,75,3,8.63,Almost Lost
16265,110,3,57.0,Lost Customers
16266,73,7,74.5,Other
16268,71,2,33.9,Almost Lost
16271,126,2,21.220000000000002,Lost Customers
16272,116,1,20.8,Lost Customers
16275,196,1,12.75,Lost Customers
16276,176,1,532.8000000000001,Big Spenders
16278,100,1,220.0,Big Spenders
16279,87,2,25.75,Lost Customers
16281,72,1,50.0,Almost Lost
16283,120,3,18.93,Lost Customers
16287,169,1,15.600000000000001,Lost Customers
16292,121,1,30.0,Lost Customers
16293,91,5,69.57,Other
16297,268,1,14.850000000000001,Lost Customers
16298,186,1,15.0,Lost Customers
16302,126,1,19.919999999999998,Lost Customers
16303,115,1,41.6,Lost Customers
16305,138,1,19.799999999999997,Lost Customers
16306,213,1,10.2,Lost Customers
16308,107,3,1600.0,Big Spenders
16309,106,2,20.04,Lost Customers
16316,157,6,85.36,Other
16317,119,2,45.0,Lost Customers
16319,217,1,142.8,Big Spenders
16323,196,1,207.50000000000003,Big Spenders
16324,128,3,17.4,Lost Customers
16325,155,2,50.400000000000006,Lost Customers
16326,75,7,54.85,Other
16327,80,3,45.550000000000004,Almost Lost
16330,112,2,1.89,Lost Customers
16332,72,3,23.830000000000002,Almost Lost
16333,98,15,6646.880000000001,Loyal Customers
16338,157,1,11.9,Lost Customers
16340,107,1,0.65,Lost Customers
16341,85,2,32.1,Almost Lost
16342,75,4,82.56,Other
16344,158,1,35.7,Lost Customers
16348,78,5,34.68,Other
16350,85,1,17.9,Almost Lost
16353,87,7,748.2,Loyal Customers
16354,73,1,11.9,Almost Lost
16356,197,3,34.1,Lost Customers
16357,162,2,75.30000000000001,Lost Customers
16358,79,2,64.92,Almost Lost
16359,94,5,306.65,Loyal Customers
16360,80,2,6.35,Almost Lost
16361,71,1,3.9,Almost Lost
16362,91,3,38.2,Lost Customers
16364,137,1,4.95,Lost Customers
16365,123,5,126.4,Loyal Customers
16369,80,2,42.900000000000006,Almost Lost
16370,82,4,59.3,Other
16374,262,1,2.1,Lost Customers
16377,267,1,180.0,Big Spenders
16378,247,1,15.0,Lost Customers
16379,78,1,27.04,Almost Lost
16383,74,2,20.4,Almost Lost
16384,89,2,34.7,Lost Customers
16385,158,1,5.85,Lost Customers
16386,253,1,10.2,Lost Customers
16389,78,3,152.4,Other
16392,269,1,5.0,Lost Customers
16393,94,6,24.2,Other
16394,72,3,105.57000000000001,Other
16395,78,2,17.01,Almost Lost
16398,154,2,83.4,Lost Customers
16399,235,1,9.75,Lost Customers
16400,94,1,15.0,Lost Customers
16401,86,6,191.85,Loyal Customers
16402,264,1,15.8,Lost Customers
16404,70,1,15.600000000000001,Almost Lost
16407,74,6,57.95,Other
16409,87,3,48.9,Lost Customers
16414,280,1,15.9,Lost Customers
16418,92,2,13.4,Lost Customers
16419,112,5,137.78,Loyal Customers
16422,73,30,2533.08,Best Customers
16424,191,1,15.9,Lost Customers
16426,92,4,114.95,Loyal Customers
16427,263,1,0.84,Lost Customers
16429,106,1,4.95,Lost Customers
16431,213,1,5.95,Lost Customers
16434,96,3,48.330000000000005,Lost Customers
16438,82,1,1.45,Almost Lost
16440,214,1,6.300000000000001,Lost Customers
16442,227,1,0.8,Lost Customers
16444,95,3,16.5,Lost Customers
16446,205,1,1.65,Lost Customers
16447,135,1,19.9,Lost Customers
16448,198,1,10.5,Lost Customers
16449,197,2,50.16,Lost Customers
16450,149,1,40.56,Lost Customers
16451,87,1,6.72,Lost Customers
16455,94,3,58.2,Lost Customers
16456,99,3,55.45,Lost Customers
16457,218,1,35.7,Lost Customers
16458,72,10,199.94,Best Customers
16460,72,2,14.629999999999999,Almost Lost
16461,177,1,9.95,Lost Customers
16462,73,3,136.0,Other
16463,204,1,14.850000000000001,Lost Customers
16464,80,2,13.55,Almost Lost
16466,103,4,55.449999999999996,Other
16468,74,1,62.400000000000006,Almost Lost
16469,87,3,4.140000000000001,Lost Customers
16470,115,2,4.6899999999999995,Lost Customers
16471,274,1,15.8,Lost Customers
16473,164,1,19.799999999999997,Lost Customers
16474,89,3,28.35,Lost Customers
16475,88,4,159.3,Loyal Customers
16477,131,3,49.85,Lost Customers
16480,75,1,10.5,Almost Lost
16483,192,1,14.95,Lost Customers
16484,173,2,26.7,Lost Customers
16485,77,1,7.5,Almost Lost
16488,114,2,68.0,Lost Customers
16493,79,2,33.12,Almost Lost
16495,276,2,9.45,Lost Customers
16496,207,1,12.75,Lost Customers
16497,203,3,74.7,Lost Customers
16498,161,2,14.1,Lost Customers
16503,106,2,33.6,Lost Customers
16511,144,2,5.7,Lost Customers
16515,91,3,17.5,Lost Customers
16517,277,1,14.75,Lost Customers
16520,186,2,16.5,Lost Customers
16523,79,14,411.75,Best Customers
16525,79,17,1559.48,Best Customers
16526,171,1,13.52,Lost Customers
16527,81,1,8.25,Almost Lost
16529,190,1,5.95,Lost Customers
16531,74,2,55.5,Almost Lost
16532,135,1,374.40000000000003,Big Spenders
16536,110,1,8.32,Lost Customers
16539,219,1,67.5,Lost Customers
16545,164,1,25.200000000000003,Lost Customers
16549,89,2,4.18,Lost Customers
16550,108,4,58.05,Other
16551,95,2,23.64,Lost Customers
16552,242,1,17.700000000000003,Lost Customers
16553,163,9,875.82,Loyal Customers
16554,222,1,10.2,Lost Customers
16555,109,1,19.799999999999997,Lost Customers
16556,105,4,67.14,Other
16557,137,1,12.5,Lost Customers
16558,78,11,218.9,Best Customers
16566,170,2,179.56,Big Spenders
16567,194,1,15.0,Lost Customers
16570,127,5,97.08,Loyal Customers
16571,176,2,39.599999999999994,Lost Customers
16572,127,3,38.25,Lost Customers
16573,84,1,13.5,Almost Lost
16574,71,1,15.0,Almost Lost
16581,182,1,10.2,Lost Customers
16582,113,1,162.72,Big Spenders
16584,80,2,120.8,Other
16586,248,1,18.0,Lost Customers
16587,232,1,15.0,Lost Customers
16589,71,3,43.85,Almost Lost
16592,136,9,134.23999999999998,Loyal Customers
16593,189,1,6.6,Lost Customers
16594,75,1,1.25,Almost Lost
16600,74,2,31.220000000000002,Almost Lost
16603,74,2,19.6,Almost Lost
16607,73,7,102.88,Best Customers
16609,87,6,110.85999999999999,Loyal Customers
16610,219,1,17.700000000000003,Lost Customers
16611,186,1,5.04,Lost Customers
16612,119,2,29.200000000000003,Lost Customers
16613,70,1,16.6,Almost Lost
16614,182,1,15.600000000000001,Lost Customers
16616,157,1,10.08,Lost Customers
16617,235,1,53.1,Lost Customers
16618,210,3,74.91,Lost Customers
16619,263,1,11.399999999999999,Lost Customers
16620,260,1,19.5,Lost Customers
16621,147,3,44.1,Lost Customers
16623,245,1,8.850000000000001,Lost Customers
16624,80,2,21.15,Almost Lost
16625,274,1,8.5,Lost Customers
16626,73,9,358.61,Best Customers
16627,79,1,18.72,Almost Lost
16628,106,4,177.8,Loyal Customers
16629,73,2,7.56,Almost Lost
16633,78,4,87.8,Other
16634,222,1,53.1,Lost Customers
16637,123,2,28.919999999999998,Lost Customers
16638,99,5,126.6,Loyal Customers
16639,206,2,39.699999999999996,Lost Customers
16641,105,1,17.700000000000003,Lost Customers
16642,207,1,34.0,Lost Customers
16643,245,1,27.0,Lost Customers
16644,177,2,24.14,Lost Customers
16647,169,2,22.439999999999998,Lost Customers
16650,71,1,5.04,Almost Lost
16652,109,5,238.38000000000002,Loyal Customers
16653,71,1,17.4,Almost Lost
16654,141,3,75.10000000000001,Lost Customers
16655,75,3,74.92,Almost Lost
16656,79,9,1267.98,Best Customers
16657,148,2,14.1,Lost Customers
16659,189,1,20.4,Lost Customers
16660,210,1,101.76,Big Spenders
16668,116,4,49.379999999999995,Other
16669,78,2,38.65,Almost Lost
16670,106,5,71.1,Other
16671,164,1,816.0,Big Spenders
16672,72,18,1215.48,Best Customers
16674,98,1,3.75,Lost Customers
16676,213,2,32.0,Lost Customers
16678,98,8,183.35999999999999,Loyal Customers
16681,72,6,417.96000000000004,Best Customers
16682,92,3,189.79999999999998,Big Spenders
16684,133,12,2604.16,Loyal Customers
16686,98,4,45.49,Other
16689,75,2,85.84,Almost Lost
16690,72,2,67.19999999999999,Almost Lost
16692,256,1,150.0,Big Spenders
16693,271,1,23.8,Lost Customers
16696,135,4,301.5,Loyal Customers
16697,241,1,0.95,Lost Customers
16698,226,2,1020.0,Big Spenders
16700,80,8,151.55,Best Customers
16701,129,7,405.48,Loyal Customers
16705,74,9,593.94,Best Customers
16706,98,2,16.35,Lost Customers
16709,84,5,175.2,Best Customers
16710,74,6,70.38,Other
16711,140,1,41.400000000000006,Lost Customers
16712,95,8,117.94,Loyal Customers
16713,73,8,106.55000000000001,Best Customers
16714,218,1,15.0,Lost Customers
16715,78,1,6.959999999999999,Almost Lost
16716,266,1,166.8,Big Spenders
16717,95,3,52.81999999999999,Lost Customers
16719,74,3,29.6,Almost Lost
16721,262,1,2.6,Lost Customers
16722,99,7,213.34,Loyal Customers
16723,91,2,177.75,Big Spenders
16726,196,1,31.8,Lost Customers
16728,166,3,11.17,Lost Customers
16729,70,19,276.29,Best Customers
16730,234,1,14.5,Lost Customers
16734,114,2,4.6,Lost Customers
16735,78,4,51.82,Other
16739,176,1,19.799999999999997,Lost Customers
16743,113,5,59.73,Other
16744,75,4,8.45,Other
16745,86,13,393.28,Loyal Customers
16746,75,11,184.1,Best Customers
16748,217,1,20.8,Lost Customers
16750,73,4,22.34,Other
16755,114,2,21.0,Lost Customers
16756,214,1,15.0,Lost Customers
16761,96,1,46.800000000000004,Lost Customers
16762,144,1,35.400000000000006,Lost Customers
16763,198,1,89.69999999999999,Lost Customers
16764,72,6,18.85,Other
16766,273,2,54.900000000000006,Lost Customers
16767,93,6,217.29000000000002,Loyal Customers
16768,103,2,28.9,Lost Customers
16769,260,1,5.9,Lost Customers
16770,236,1,1.7,Lost Customers
16771,75,2,22.53,Almost Lost
16774,116,3,38.949999999999996,Lost Customers
16775,72,6,45.55,Other
16777,80,2,14.11,Almost Lost
16778,74,2,23.28,Almost Lost
16779,71,10,471.6,Best Customers
16780,100,2,26.25,Lost Customers
16782,77,7,131.75,Best Customers
16788,123,2,2.44,Lost Customers
16791,122,4,25.27,Other
16792,282,2,13.7,Lost Customers
16794,89,5,28.48,Other
16796,89,1,6.64,Lost Customers
16801,163,4,68.35,Other
16804,270,1,1.45,Lost Customers
16805,173,1,1.25,Lost Customers
16806,103,4,46.74,Other
16807,142,3,49.980000000000004,Lost Customers
16808,99,2,74.25,Lost Customers
16809,136,3,16.2,Lost Customers
16810,192,1,20.8,Lost Customers
16813,78,8,28.82,Other
16814,87,10,248.25,Loyal Customers
16816,103,2,35.85,Lost Customers
16817,185,5,73.1,Other
16818,71,10,173.05,Best Customers
16820,95,1,23.4,Lost Customers
16823,227,1,8.25,Lost Customers
16824,164,1,22.5,Lost Customers
16825,185,1,79.2,Lost Customers
16828,93,2,27.6,Lost Customers
16829,156,1,12.600000000000001,Lost Customers
16832,184,3,99.35,Big Spenders
16833,259,2,32.4,Lost Customers
16834,227,1,30.0,Lost Customers
16835,128,1,15.9,Lost Customers
16836,116,1,76.32000000000001,Lost Customers
16837,157,9,441.21999999999997,Loyal Customers
16838,197,1,9.959999999999999,Lost Customers
16839,74,19,1650.44,Best Customers
16841,137,4,47.92,Other
16842,100,2,23.5,Lost Customers
16843,93,11,291.58,Loyal Customers
16849,186,1,17.700000000000003,Lost Customers
16852,176,1,6.6000000000000005,Lost Customers
16859,144,2,25.08,Lost Customers
16861,158,1,35.400000000000006,Lost Customers
16866,140,3,119.85,Big Spenders
16869,165,2,10.75,Lost Customers
16871,89,5,173.6,Loyal Customers
16872,77,3,285.27,Other
16873,127,3,82.1,Lost Customers
16875,144,1,31.6,Lost Customers
16877,152,2,20.7,Lost Customers
16878,84,1,9.5,Almost Lost
16880,99,6,35.91,Other
16882,239,1,11.8,Lost Customers
16883,187,1,7.95,Lost Customers
16889,194,2,22.71,Lost Customers
16891,95,2,23.7,Lost Customers
16892,183,1,7.95,Lost Customers
16898,177,1,0.38,Lost Customers
16899,89,3,22.35,Lost Customers
16902,116,1,37.5,Lost Customers
16904,94,10,163.60000000000002,Loyal Customers
16905,236,2,38.7,Lost Customers
16906,81,4,35.0,Other
16907,148,2,14.25,Lost Customers
16909,72,1,77.75999999999999,Almost Lost
16910,77,4,11.0,Other
16912,134,4,107.46000000000001,Loyal Customers
16915,127,4,64.5,Other
16917,276,1,122.39999999999999,Big Spenders
16918,95,2,34.900000000000006,Lost Customers
16919,156,9,192.45,Loyal Customers
16923,99,11,356.2,Loyal Customers
16924,84,1,1.65,Almost Lost
16927,115,2,269.1,Big Spenders
16928,80,14,148.99,Best Customers
16929,71,3,59.5,Almost Lost
16931,75,11,43.32,Other
16933,239,1,15.9,Lost Customers
16938,179,2,19.65,Lost Customers
16940,169,1,6.8,Lost Customers
16942,136,7,61.1,Other
16943,211,2,98.8,Big Spenders
16945,85,11,205.61,Best Customers
16947,235,1,27.04,Lost Customers
16948,138,2,67.2,Lost Customers
16949,185,3,62.03999999999999,Lost Customers
16950,124,1,81.6,Lost Customers
16951,134,2,32.7,Lost Customers
16952,109,2,12.19,Lost Customers
16954,124,3,189.15,Big Spenders
16955,184,1,16.35,Lost Customers
16957,239,2,102.6,Big Spenders
16959,87,1,12.75,Lost Customers
16960,252,1,1.9500000000000002,Lost Customers
16961,116,1,20.0,Lost Customers
16963,187,1,15.0,Lost Customers
16965,226,1,9.120000000000001,Lost Customers
16966,170,4,193.56,Loyal Customers
16967,189,1,15.0,Lost Customers
16968,107,1,14.850000000000001,Lost Customers
16969,134,2,31.62,Lost Customers
16976,267,1,76.32000000000001,Lost Customers
16978,77,1,8.5,Almost Lost
16979,147,1,45.0,Lost Customers
16980,255,1,17.4,Lost Customers
16983,96,3,52.349999999999994,Lost Customers
16984,88,2,8.850000000000001,Lost Customers
16985,88,6,216.39999999999998,Loyal Customers
16987,170,3,28.7,Lost Customers
16989,79,3,200.95,Other
16990,218,1,179.0,Big Spenders
16992,98,2,37.2,Lost Customers
16996,121,3,182.2,Big Spenders
16998,149,3,205.00000000000003,Big Spenders
16999,74,1,15.0,Almost Lost
17001,91,6,87.6,Other
17002,85,2,83.0,Almost Lost
17004,92,1,1.25,Lost Customers
17006,75,1,33.0,Almost Lost
17007,155,3,49.4,Lost Customers
17015,71,2,26.1,Almost Lost
17017,72,9,299.58,Best Customers
17019,261,1,2.55,Lost Customers
17024,99,2,56.25,Lost Customers
17026,185,1,121.67999999999999,Big Spenders
17027,78,4,33.25,Other
17029,110,2,716.0,Big Spenders
17031,154,1,20.8,Lost Customers
17033,86,2,158.15999999999997,Big Spenders
17034,79,1,5.04,Almost Lost
17035,245,1,13.52,Lost Customers
17037,87,1,25.5,Lost Customers
17040,137,1,175.2,Big Spenders
17041,108,1,15.6,Lost Customers
17042,121,4,68.52,Other
17043,178,2,113.0,Big Spenders
17045,113,3,56.46,Lost Customers
17046,157,1,30.0,Lost Customers
17047,85,3,55.260000000000005,Almost Lost
17048,117,2,55.550000000000004,Lost Customers
17049,84,6,111.78,Best Customers
17050,96,4,53.25,Other
17051,194,1,2.5,Lost Customers
17053,130,1,35.400000000000006,Lost Customers
17054,137,4,69.33,Other
17058,81,3,58.400000000000006,Almost Lost
17059,110,3,43.09,Lost Customers
17060,266,1,17.700000000000003,Lost Customers
17061,73,11,710.98,Best Customers
17063,163,2,40.9,Lost Customers
17064,182,1,20.8,Lost Customers
17068,84,13,310.40000000000003,Best Customers
17069,77,5,59.870000000000005,Other
17070,114,1,3.95,Lost Customers
17071,88,6,116.0,Loyal Customers
17073,82,2,9.58,Almost Lost
17075,253,1,8.32,Lost Customers
17076,273,1,25.5,Lost Customers
17079,78,1,59.400000000000006,Almost Lost
17080,269,1,76.32000000000001,Lost Customers
17083,109,1,53.1,Lost Customers
17085,123,2,18.8,Lost Customers
17088,72,3,56.42,Almost Lost
17090,88,3,234.37,Big Spenders
17091,98,5,68.09,Other
17092,87,3,30.89,Lost Customers
17096,143,2,29.240000000000002,Lost Customers
17101,178,1,15.8,Lost Customers
17102,261,1,25.5,Lost Customers
17105,159,1,8.5,Lost Customers
17107,75,4,403.5,Best Customers
17109,232,2,8.8,Lost Customers
17110,165,1,16.5,Lost Customers
17114,138,4,27.799999999999997,Other
17115,182,2,39.8,Lost Customers
17120,233,1,16.5,Lost Customers
17122,119,1,19.799999999999997,Lost Customers
17123,161,1,25.200000000000003,Lost Customers
17124,185,1,15.9,Lost Customers
17126,152,3,6.76,Lost Customers
17131,75,1,15.0,Almost Lost
17133,87,4,635.9000000000001,Loyal Customers
17134,106,2,35.45,Lost Customers
17138,275,1,17.9,Lost Customers
17139,88,7,170.42,Loyal Customers
17140,247,1,7.5,Lost Customers
17142,239,1,35.849999999999994,Lost Customers
17144,84,1,15.0,Almost Lost
17146,105,2,184.85,Big Spenders
17147,80,2,30.0,Almost Lost
17152,194,3,195.55,Big Spenders
17154,75,1,24.96,Almost Lost
17155,177,1,4.4,Lost Customers
17157,176,1,19.799999999999997,Lost Customers
17158,232,1,45.0,Lost Customers
17159,75,2,59.45,Almost Lost
17160,109,5,84.46000000000001,Other
17162,131,8,102.2,Loyal Customers
17163,78,1,29.700000000000003,Almost Lost
17164,79,4,60.300000000000004,Other
17166,203,1,14.850000000000001,Lost Customers
17169,183,1,15.299999999999999,Lost Customers
17172,78,1,13.919999999999998,Almost Lost
17173,116,2,70.80000000000001,Lost Customers
17174,217,1,19.5,Lost Customers
17175,141,2,82.45,Lost Customers
17176,201,1,10.2,Lost Customers
17179,178,2,1.72,Lost Customers
17180,241,2,7.68,Lost Customers
17183,105,1,19.799999999999997,Lost Customers
17187,226,1,30.599999999999998,Lost Customers
17188,164,2,28.9,Lost Customers
17189,106,1,5.04,Lost Customers
17190,207,1,195.0,Big Spenders
17191,94,3,47.25,Lost Customers
17193,86,3,199.32000000000002,Big Spenders
17194,273,1,10.0,Lost Customers
17204,175,4,149.45999999999998,Loyal Customers
17211,180,3,23.6,Lost Customers
17212,253,1,3.95,Lost Customers
17213,141,2,37.620000000000005,Lost Customers
17214,85,2,92.8,Other
17217,234,1,11.8,Lost Customers
17218,71,3,16.740000000000002,Almost Lost
17220,71,9,71.42999999999999,Other
17227,70,3,27.9,Almost Lost
17228,87,2,13.259999999999998,Lost Customers
17229,96,2,4.15,Lost Customers
17230,264,1,25.200000000000003,Lost Customers
17231,126,4,19.2,Other
17234,182,1,4.95,Lost Customers
17236,179,2,23.15,Lost Customers
17238,84,9,45.39,Other
17242,108,2,99.60000000000001,Big Spenders
17243,78,10,181.95,Best Customers
17245,204,1,15.299999999999999,Lost Customers
17248,120,1,4.95,Lost Customers
17250,261,1,19.95,Lost Customers
17252,116,2,13.35,Lost Customers
17256,107,1,89.7,Lost Customers
17259,148,1,2.08,Lost Customers
17262,227,3,501.55000000000007,Big Spenders
17263,208,1,0.95,Lost Customers
17265,138,2,7.88,Lost Customers
17266,147,1,3.75,Lost Customers
17267,127,2,26.4,Lost Customers
17268,107,4,449.12,Loyal Customers
17272,199,2,35.4,Lost Customers
17277,227,1,19.9,Lost Customers
17278,241,1,25.5,Lost Customers
17282,130,2,457.92,Big Spenders
17284,120,4,22.41,Other
17287,74,4,20.73,Other
17288,207,2,75.0,Lost Customers
17289,180,1,7.95,Lost Customers
17293,85,4,118.3,Best Customers
17298,101,2,37.83,Lost Customers
17299,89,3,37.44,Lost Customers
17302,122,2,4.55,Lost Customers
17306,71,13,1647.96,Best Customers
17309,95,1,4.949999999999999,Lost Customers
17311,78,1,30.0,Almost Lost
17312,138,3,267.75,Big Spenders
17314,148,3,78.75,Lost Customers
17315,75,25,527.34,Best Customers
17317,89,1,119.52000000000001,Big Spenders
17320,100,2,43.75,Lost Customers
17323,124,3,11.39,Lost Customers
17325,280,1,11.7,Lost Customers
17331,123,1,175.2,Big Spenders
17333,85,1,39.599999999999994,Almost Lost
17337,151,3,31.439999999999998,Lost Customers
17338,114,4,61.8,Other
17339,94,1,82.80000000000001,Lost Customers
17340,80,8,165.42000000000002,Best Customers
17341,156,2,24.46,Lost Customers
17345,93,3,42.73,Lost Customers
17346,103,5,14.97,Other
17347,86,1,228.96,Big Spenders
17348,71,1,15.0,Almost Lost
17349,179,1,12.75,Lost Customers
17351,169,2,37.050000000000004,Lost Customers
17353,129,2,435.0,Big Spenders
17360,184,1,4.25,Lost Customers
17361,186,1,0.42,Lost Customers
17362,239,1,7.25,Lost Customers
17364,137,4,124.46000000000001,Loyal Customers
17365,87,4,20.7,Other
17367,238,1,17.4,Lost Customers
17368,93,4,278.41,Loyal Customers
17370,72,4,69.96,Other
17372,166,3,15.55,Lost Customers
17373,71,2,49.68,Almost Lost
17374,218,2,30.9,Lost Customers
17375,199,1,4.25,Lost Customers
17376,70,1,6.6,Almost Lost
17377,74,6,43.38,Other
17381,99,16,2426.88,Loyal Customers
17384,219,1,5.95,Lost Customers
17386,99,5,424.86000000000007,Loyal Customers
17388,77,3,395.6,Other
17389,74,21,2232.1,Best Customers
17391,163,2,305.28000000000003,Big Spenders
17394,219,1,9.95,Lost Customers
17396,148,5,1298.4,Loyal Customers
17398,114,3,72.3,Lost Customers
17400,126,4,26.75,Other
17402,85,6,349.02,Best Customers
17405,72,2,22.740000000000002,Almost Lost
17408,163,1,12.75,Lost Customers
17409,184,2,77.65,Lost Customers
17410,96,2,36.3,Lost Customers
17411,75,2,30.02,Almost Lost
17412,196,1,16.5,Lost Customers
17414,184,1,14.399999999999999,Lost Customers
17415,79,1,170.0,Other
17416,77,6,474.45,Best Customers
17419,143,4,72.8,Other
17420,171,1,19.9,Lost Customers
17422,93,4,89.96000000000001,Other
17423,217,1,13.5,Lost Customers
17426,91,4,98.1,Loyal Customers
17427,71,1,30.0,Almost Lost
17428,85,15,879.0400000000001,Best Customers
17429,128,3,33.52,Lost Customers
17433,88,1,0.85,Lost Customers
17434,85,1,83.4,Almost Lost
17436,226,1,45.9,Lost Customers
17438,253,1,25.5,Lost Customers
17440,156,3,140.22,Big Spenders
17442,93,4,82.19999999999999,Other
17446,176,1,13.200000000000001,Lost Customers
17447,71,1,15.299999999999999,Almost Lost
17449,94,3,33.66,Lost Customers
17450,70,28,18009.06,Best Customers
17451,81,2,26.8,Almost Lost
17454,192,2,27.4,Lost Customers
17455,203,1,16.5,Lost Customers
17457,126,3,639.04,Big Spenders
17460,94,3,53.400000000000006,Lost Customers
17463,176,2,35.1,Lost Customers
17464,158,1,71.4,Lost Customers
17466,78,1,14.850000000000001,Almost Lost
17469,72,4,99.1,Best Customers
17470,127,3,59.4,Lost Customers
17472,191,1,3.0,Lost Customers
17475,79,1,26.099999999999998,Almost Lost
17480,77,1,35.400000000000006,Almost Lost
17481,93,1,9.36,Lost Customers
17483,134,2,40.8,Lost Customers
17486,261,1,17.0,Lost Customers
17489,212,1,15.0,Lost Customers
17490,73,3,51.45,Almost Lost
17491,74,5,197.85,Best Customers
17492,248,1,10.2,Lost Customers
17498,75,1,15.0,Almost Lost
17501,220,2,25.950000000000003,Lost Customers
17504,206,7,250.48,Loyal Customers
17505,161,2,49.65,Lost Customers
17506,75,1,25.0,Almost Lost
17507,261,1,5.2,Lost Customers
17511,73,17,1740.83,Best Customers
17512,121,5,306.6,Loyal Customers
17513,72,1,70.8,Almost Lost
17514,128,1,2.95,Lost Customers
17515,206,2,18.65,Lost Customers
17516,119,2,2.25,Lost Customers
17519,133,4,90.80000000000001,Other
17521,199,1,10.2,Lost Customers
17522,138,4,25.7,Other
17527,80,3,88.71,Almost Lost
17528,71,2,21.0,Almost Lost
17530,85,5,88.28,Other
17531,190,1,15.9,Lost Customers
17535,280,1,10.2,Lost Customers
17536,177,1,25.5,Lost Customers
17542,269,1,20.4,Lost Customers
17548,233,1,30.0,Lost Customers
17550,197,3,5.65,Lost Customers
17552,71,1,23.400000000000002,Almost Lost
17553,129,1,237.60000000000002,Big Spenders
17554,122,2,18.06,Lost Customers
17556,205,1,10.5,Lost Customers
17557,81,1,7.95,Almost Lost
17560,94,3,125.8,Big Spenders
17562,87,5,107.88,Loyal Customers
17564,80,1,8.850000000000001,Almost Lost
17567,92,4,64.99,Other
17571,145,2,45.65,Lost Customers
17572,71,3,69.9,Almost Lost
17573,85,2,22.5,Almost Lost
17574,242,1,35.7,Lost Customers
17576,73,11,81.46000000000001,Other
17578,218,1,18.72,Lost Customers
17579,137,2,41.300000000000004,Lost Customers
17580,252,1,47.7,Lost Customers
17581,78,16,641.89,Best Customers
17582,236,1,1.7399999999999998,Lost Customers
17584,127,1,39.6,Lost Customers
17585,109,3,12.73,Lost Customers
17588,100,3,289.02,Big Spenders
17589,151,3,23.950000000000003,Lost Customers
17591,73,4,125.8,Best Customers
17593,91,3,77.93,Lost Customers
17594,85,2,67.0,Almost Lost
17596,136,3,42.83,Lost Customers
17597,213,1,19.799999999999997,Lost Customers
17601,239,1,30.0,Lost Customers
17602,85,2,20.8,Almost Lost
17603,78,1,9.899999999999999,Almost Lost
17604,217,1,4.2,Lost Customers
17609,73,1,16.9,Almost Lost
17611,72,7,74.97,Other
17612,95,4,42.72,Other
17613,81,8,176.95,Best Customers
17615,130,3,44.3,Lost Customers
17616,173,2,244.79999999999998,Big Spenders
17618,248,1,30.0,Lost Customers
17624,218,1,35.8,Lost Customers
17625,140,2,11.05,Lost Customers
17628,81,1,16.35,Almost Lost
17629,120,4,56.34,Other
17630,169,2,43.199999999999996,Lost Customers
17631,137,2,34.650000000000006,Lost Customers
17633,71,3,75.81,Almost Lost
17634,92,6,77.4,Other
17637,115,1,19.8,Lost Customers
17639,276,1,19.9,Lost Customers
17640,86,1,107.28,Big Spenders
17642,119,2,20.94,Lost Customers
17644,78,8,179.85000000000002,Best Customers
17646,219,2,32.7,Lost Customers
17648,192,3,47.4,Lost Customers
17649,138,1,15.0,Lost Customers
17651,79,5,122.8,Best Customers
17652,84,7,166.55,Best Customers
17653,99,2,40.1,Lost Customers
17654,277,1,7.5,Lost Customers
17655,116,2,64.6,Lost Customers
17656,73,5,111.66,Best Customers
17658,211,1,45.0,Lost Customers
17659,100,6,119.42999999999999,Loyal Customers
17660,141,1,3.75,Lost Customers
17663,84,4,57.04,Other
17664,212,1,13.200000000000001,Lost Customers
17667,161,3,64.72,Lost Customers
17669,85,6,213.3,Best Customers
17670,227,1,31.8,Lost Customers
17671,157,2,53.8,Lost Customers
17673,162,3,41.6,Lost Customers
17674,74,1,5.04,Almost Lost
17675,70,19,603.51,Best Customers
17676,109,3,56.0,Lost Customers
17677,82,16,765.51,Best Customers
17678,263,1,17.4,Lost Customers
17679,85,1,61.199999999999996,Almost Lost
17682,115,4,119.53999999999999,Loyal Customers
17685,88,2,110.4,Big Spenders
17686,80,5,84.06,Other
17690,101,6,107.65,Loyal Customers
17692,127,2,59.519999999999996,Lost Customers
17693,137,1,15.0,Lost Customers
17694,141,1,30.0,Lost Customers
17695,131,2,36.6,Lost Customers
17696,108,5,100.67999999999999,Loyal Customers
17697,236,1,12.600000000000001,Lost Customers
17698,260,1,17.4,Lost Customers
17700,94,3,111.6,Big Spenders
17701,252,1,17.0,Lost Customers
17702,108,3,212.1,Big Spenders
17703,109,2,33.0,Lost Customers
17704,168,2,60.3,Lost Customers
17705,74,6,116.5,Best Customers
17706,100,8,199.55,Loyal Customers
17707,185,1,51.0,Lost Customers
17708,187,1,3.75,Lost Customers
17709,169,1,11.9,Lost Customers
17715,200,1,326.4,Big Spenders
17716,75,9,164.4,Best Customers
17718,232,1,20.4,Lost Customers
17719,75,14,300.19,Best Customers
17720,113,2,84.32,Lost Customers
17722,96,2,45.0,Lost Customers
17723,127,6,3112.5,Loyal Customers
17724,71,3,68.4,Almost Lost
17725,70,9,196.89999999999998,Best Customers
17728,86,1,15.9,Lost Customers
17730,78,7,222.15,Best Customers
17731,79,4,101.41,Best Customers
17733,261,1,17.0,Lost Customers
17734,136,2,44.64,Lost Customers
17735,93,13,281.3,Loyal Customers
17736,113,1,9.36,Lost Customers
17738,148,3,88.5,Lost Customers
17739,71,2,126.9,Other
17742,113,1,25.5,Lost Customers
17744,250,1,23.4,Lost Customers
17746,240,1,31.6,Lost Customers
17747,112,1,71.4,Lost Customers
17749,178,2,29.25,Lost Customers
17750,82,6,80.69,Other
17754,142,2,24.54,Lost Customers
17757,70,14,359.46,Best Customers
17758,79,5,66.1,Other
17759,169,2,25.2,Lost Customers
17763,263,1,15.0,Lost Customers
17764,211,1,8.25,Lost Customers
17765,158,3,27.55,Lost Customers
17768,166,1,10.5,Lost Customers
17769,138,3,19.4,Lost Customers
17770,198,5,132.65,Loyal Customers
17774,96,3,16.8,Lost Customers
17775,254,1,15.600000000000001,Lost Customers
17777,100,1,11.8,Lost Customers
17779,87,2,22.810000000000002,Lost Customers
17781,159,2,15.7,Lost Customers
17783,72,2,7.91,Almost Lost
17786,85,1,8.850000000000001,Almost Lost
17787,152,1,2.37,Lost Customers
17788,73,2,283.5,Other
17789,281,1,12.75,Lost Customers
17790,120,6,61.3,Other
17795,179,2,10.999999999999998,Lost Customers
17797,182,1,14.95,Lost Customers
17799,99,6,75.2,Other
17800,91,6,49.400000000000006,Other
17802,82,2,19.049999999999997,Almost Lost
17805,73,1,30.24,Almost Lost
17809,129,4,693.6,Loyal Customers
17811,73,19,208.08,Best Customers
17813,71,1,4.25,Almost Lost
17816,269,1,5.1,Lost Customers
17817,277,2,197.5,Big Spenders
17819,71,4,596.3399999999999,Best Customers
17827,242,1,3.9,Lost Customers
17830,261,1,31.8,Lost Customers
17837,75,4,22.22,Other
17838,89,1,125.0,Big Spenders
17841,72,66,570.0699999999999,Best Customers
17846,85,1,2033.1,Other
17848,81,6,268.62,Best Customers
17849,218,2,21.35,Lost Customers
17854,185,2,18.15,Lost Customers
17856,233,3,202.10000000000002,Big Spenders
17857,72,12,4644.68,Best Customers
17858,82,6,191.85,Best Customers
17861,136,4,83.51,Other
17863,80,3,120.28,Other
17864,89,2,19.55,Lost Customers
17865,79,13,631.76,Best Customers
17866,142,1,17.700000000000003,Lost Customers
17867,143,3,903.13,Big Spenders
17869,107,4,50.55,Other
17870,71,7,77.74000000000001,Other
17871,204,1,5.76,Lost Customers
17873,80,4,359.06,Best Customers
17874,185,6,108.11,Loyal Customers
17877,170,1,59.400000000000006,Lost Customers
17879,173,1,1.16,Lost Customers
17883,86,2,13.2,Lost Customers
17886,210,2,20.7,Lost Customers
17887,129,1,1.65,Lost Customers
17888,79,3,24.95,Almost Lost
17889,212,1,6.95,Lost Customers
17891,162,1,20.4,Lost Customers
17892,155,1,9.95,Lost Customers
17893,225,1,3.25,Lost Customers
17894,71,2,11.05,Almost Lost
17897,172,1,7.95,Lost Customers
17898,85,2,10.8,Almost Lost
17899,159,1,13.68,Lost Customers
17900,190,2,32.4,Lost Customers
17905,71,2,182.9,Other
17906,247,1,2.8499999999999996,Lost Customers
17917,256,1,1.6,Lost Customers
17919,88,1,70.80000000000001,Lost Customers
17920,78,7,89.98,Other
17921,148,3,17.82,Lost Customers
17923,282,1,207.50000000000003,Big Spenders
17926,133,2,53.10000000000001,Lost Customers
17928,246,1,1.25,Lost Customers
17929,112,2,510.79999999999995,Big Spenders
17930,71,3,162.6,Other
17931,134,2,5.7,Lost Customers
17932,173,2,28.2,Lost Customers
17935,138,2,23.619999999999997,Lost Customers
17937,114,2,326.04,Big Spenders
17939,159,1,1.9,Lost Customers
17940,108,8,2497.4799999999996,Loyal Customers
17941,130,1,139.2,Big Spenders
17946,233,2,9.329999999999998,Lost Customers
17948,147,1,358.56000000000006,Big Spenders
17949,70,32,22504.73,Best Customers
17950,72,1,10.5,Almost Lost
17954,123,6,52.04,Other
17955,198,4,197.1,Loyal Customers
17956,249,1,12.75,Lost Customers
17958,116,1,4.16,Lost Customers
17960,171,1,1.65,Lost Customers
17961,70,29,107.33,Best Customers
17962,142,1,2.95,Lost Customers
17965,91,8,90.9,Other
17966,151,4,71.67,Other
17969,166,1,8.25,Lost Customers
17970,211,1,12.5,Lost Customers
17972,241,1,6.95,Lost Customers
17974,219,1,15.8,Lost Customers
17975,114,7,230.22000000000003,Loyal Customers
17979,168,3,13.620000000000001,Lost Customers
17980,165,2,45.8,Lost Customers
17984,145,1,12.75,Lost Customers
17987,185,1,1.6800000000000002,Lost Customers
17988,117,4,24.5,Other
17990,236,1,33.0,Lost Customers
17991,225,2,5.9,Lost Customers
17994,121,3,42.75,Lost Customers
17995,281,1,23.6,Lost Customers
17997,74,8,73.42,Other
18001,86,1,2.55,Lost Customers
18008,70,8,1831.34,Best Customers
18009,235,1,20.25,Lost Customers
18010,256,1,12.75,Lost Customers
18013,155,2,13.98,Lost Customers
18016,74,2,35.4,Almost Lost
18017,81,2,358.0,Other
18018,108,2,42.7,Lost Customers
18024,152,2,57.15,Lost Customers
18027,98,1,15.299999999999999,Lost Customers
18036,105,2,4.050000000000001,Lost Customers
18037,154,4,6.550000000000001,Other
18040,245,1,15.0,Lost Customers
18041,70,11,336.55,Best Customers
18043,206,1,4.95,Lost Customers
18044,87,7,89.78,Other
18048,203,2,4.75,Lost Customers
18053,70,1,19.799999999999997,Almost Lost
18055,84,3,80.1,Almost Lost
18061,107,5,239.55,Loyal Customers
18062,173,2,67.2,Lost Customers
18064,133,2,383.0,Big Spenders
18065,86,8,154.14000000000001,Loyal Customers
18066,75,1,70.80000000000001,Almost Lost
18069,88,3,30.25,Lost Customers
18071,257,1,45.0,Lost Customers
18072,185,1,15.0,Lost Customers
18073,114,12,1724.1000000000001,Loyal Customers
18075,106,5,125.4,Loyal Customers
18077,103,4,38.65,Other
18078,217,2,101.7,Big Spenders
18079,126,2,73.04,Lost Customers
18080,242,1,841.4999999999999,Big Spenders
18081,112,2,44.35,Lost Customers
18086,274,1,10.08,Lost Customers
18087,98,1,852.8,Big Spenders
18092,86,5,357.35999999999996,Loyal Customers
18093,93,2,201.6,Big Spenders
18094,81,6,212.1,Best Customers
18097,126,3,85.08,Lost Customers
18099,127,1,7.95,Lost Customers
18101,143,1,2.95,Lost Customers
18102,72,34,26632.62,Best Customers
18108,254,1,16.8,Lost Customers
18109,72,13,187.78,Best Customers
18112,166,1,25.0,Lost Customers
18116,234,3,26.04,Lost Customers
18118,77,15,213.72,Best Customers
18120,214,1,4.95,Lost Customers
18121,149,2,16.25,Lost Customers
18122,84,2,14.3,Almost Lost
18125,201,1,26.55,Lost Customers
18127,133,1,17.700000000000003,Lost Customers
18129,243,1,2.95,Lost Customers
18133,212,1,931.4999999999999,Big Spenders
18135,80,2,23.95,Almost Lost
18136,211,1,22.5,Lost Customers
18142,157,2,120.96,Big Spenders
18143,116,2,36.7,Lost Customers
18144,78,7,822.8,Best Customers
18145,87,2,21.0,Lost Customers
18146,140,2,35.400000000000006,Lost Customers
18147,108,1,18.96,Lost Customers
18149,215,2,136.14999999999998,Big Spenders
18150,140,2,20.28,Lost Customers
18151,134,1,16.5,Lost Customers
18155,75,2,33.6,Almost Lost
18158,88,1,23.6,Lost Customers
18160,200,1,20.8,Lost Customers
18161,140,2,80.25,Lost Customers
18165,177,1,4.5600000000000005,Lost Customers
18167,105,1,35.400000000000006,Lost Customers
18168,176,3,17.65,Lost Customers
18170,112,2,25.08,Lost Customers
18171,99,3,102.55,Big Spenders
18172,78,12,1275.9199999999998,Best Customers
18173,86,4,439.20000000000005,Loyal Customers
18177,157,5,82.1,Other
18178,128,2,26.6,Lost Customers
18179,252,2,227.7,Big Spenders
18180,80,4,75.0,Other
18183,227,2,29.95,Lost Customers
18185,249,1,11.7,Lost Customers
18188,77,1,15.0,Almost Lost
18189,77,2,31.5,Almost Lost
18190,192,1,15.6,Lost Customers
18191,261,1,30.599999999999998,Lost Customers
18192,71,1,16.5,Almost Lost
18193,165,1,19.9,Lost Customers
18194,82,1,208.79999999999998,Other
18196,95,1,4.15,Lost Customers
18198,71,12,1589.5,Best Customers
18200,106,1,5.95,Lost Customers
18202,199,2,54.6,Lost Customers
18203,157,1,4.95,Lost Customers
18204,71,3,21.25,Almost Lost
18205,74,1,12.75,Almost Lost
18210,267,1,30.0,Lost Customers
18211,85,3,56.900000000000006,Almost Lost
18213,236,1,15.0,Lost Customers
18215,89,1,23.6,Lost Customers
18217,70,1,19.8,Almost Lost
18218,211,2,160.6,Big Spenders
18219,149,5,118.0,Loyal Customers
18220,226,1,152.64000000000001,Big Spenders
18221,115,3,57.0,Lost Customers
18222,92,1,40.56,Lost Customers
18223,96,7,153.85,Loyal Customers
18224,263,1,10.2,Lost Customers
18225,84,6,133.6,Best Customers
18226,81,9,195.12,Best Customers
18227,217,1,15.0,Lost Customers
18228,79,1,20.28,Almost Lost
18229,70,12,936.26,Best Customers
18230,94,4,192.0,Loyal Customers
18231,192,4,64.8,Other
18232,81,4,63.300000000000004,Other
18235,71,3,38.28,Almost Lost
18236,79,5,109.65,Best Customers
18237,91,3,47.25,Lost Customers
18239,218,2,27.900000000000002,Lost Customers
18241,74,13,269.91,Best Customers
18242,72,4,270.6,Best Customers
18245,149,4,73.4,Other
18246,233,1,203.4,Big Spenders
18248,122,2,48.45,Lost Customers
18251,87,1,252.0,Big Spenders
18252,171,1,19.8,Lost Customers
18255,89,1,30.0,Lost Customers
18257,114,3,54.599999999999994,Lost Customers
18259,85,1,25.200000000000003,Almost Lost
18260,172,4,75.57,Other
18261,95,1,17.0,Lost Customers
18262,140,1,2.88,Lost Customers
18263,155,2,45.599999999999994,Lost Customers
18265,72,2,42.8,Almost Lost
18268,134,1,25.5,Lost Customers
18270,266,1,19.799999999999997,Lost Customers
18272,113,4,50.24,Other
18273,95,2,153.0,Big Spenders
18278,73,1,17.0,Almost Lost
18280,277,1,23.700000000000003,Lost Customers
18281,180,1,5.04,Lost Customers
18282,126,1,12.75,Lost Customers
18283,95,7,35.95,Other
18287,201,1,10.2,Lost Customers
